scenario_id,scenario_name,조정변수,조정비율,행정동,Z점수,순위,기본순위,순위변동
BASE,기본 (회귀결과),-,0%,신흥1동,-0.2801,35,35,0
BASE,기본 (회귀결과),-,0%,신흥2동,0.994,3,3,0
BASE,기본 (회귀결과),-,0%,신흥3동,-0.4551,43,43,0
BASE,기본 (회귀결과),-,0%,태평1동,-0.1681,27,27,0
BASE,기본 (회귀결과),-,0%,태평2동,-0.2179,31,31,0
BASE,기본 (회귀결과),-,0%,태평3동,-0.2819,36,36,0
BASE,기본 (회귀결과),-,0%,태평4동,-0.3503,39,39,0
BASE,기본 (회귀결과),-,0%,수진1동,-0.3317,38,38,0
BASE,기본 (회귀결과),-,0%,수진2동,-0.0882,23,23,0
BASE,기본 (회귀결과),-,0%,단대동,-0.1961,30,30,0
BASE,기본 (회귀결과),-,0%,산성동,-0.6811,47,47,0
BASE,기본 (회귀결과),-,0%,양지동,-0.5155,45,45,0
BASE,기본 (회귀결과),-,0%,복정동,-0.1842,28,28,0
BASE,기본 (회귀결과),-,0%,위례동,1.2519,1,1,0
BASE,기본 (회귀결과),-,0%,신촌동,-0.7816,49,49,0
BASE,기본 (회귀결과),-,0%,고등동,-0.6269,46,46,0
BASE,기본 (회귀결과),-,0%,시흥동,-0.7905,50,50,0
BASE,기본 (회귀결과),-,0%,성남동,0.7487,4,4,0
BASE,기본 (회귀결과),-,0%,중앙동,0.0146,22,22,0
BASE,기본 (회귀결과),-,0%,금광1동,0.1052,19,19,0
BASE,기본 (회귀결과),-,0%,금광2동,0.4973,8,8,0
BASE,기본 (회귀결과),-,0%,은행1동,-0.4642,44,44,0
BASE,기본 (회귀결과),-,0%,은행2동,0.2016,17,17,0
BASE,기본 (회귀결과),-,0%,상대원1동,0.5235,7,7,0
BASE,기본 (회귀결과),-,0%,상대원2동,-0.7665,48,48,0
BASE,기본 (회귀결과),-,0%,상대원3동,-0.3916,41,41,0
BASE,기본 (회귀결과),-,0%,하대원동,0.0626,21,21,0
BASE,기본 (회귀결과),-,0%,도촌동,0.2785,15,15,0
BASE,기본 (회귀결과),-,0%,분당동,0.4104,11,11,0
BASE,기본 (회귀결과),-,0%,수내1동,-0.2266,32,32,0
BASE,기본 (회귀결과),-,0%,수내2동,-0.3824,40,40,0
BASE,기본 (회귀결과),-,0%,수내3동,-0.1263,25,25,0
BASE,기본 (회귀결과),-,0%,정자동,-0.2762,34,34,0
BASE,기본 (회귀결과),-,0%,정자1동,0.6361,6,6,0
BASE,기본 (회귀결과),-,0%,정자2동,-0.195,29,29,0
BASE,기본 (회귀결과),-,0%,정자3동,0.0951,20,20,0
BASE,기본 (회귀결과),-,0%,서현1동,0.2643,16,16,0
BASE,기본 (회귀결과),-,0%,서현2동,0.1451,18,18,0
BASE,기본 (회귀결과),-,0%,이매1동,0.3732,13,13,0
BASE,기본 (회귀결과),-,0%,이매2동,-0.4076,42,42,0
BASE,기본 (회귀결과),-,0%,야탑1동,-0.2761,33,33,0
BASE,기본 (회귀결과),-,0%,야탑2동,-0.2974,37,37,0
BASE,기본 (회귀결과),-,0%,야탑3동,0.4797,9,9,0
BASE,기본 (회귀결과),-,0%,판교동,0.4228,10,10,0
BASE,기본 (회귀결과),-,0%,삼평동,-0.1128,24,24,0
BASE,기본 (회귀결과),-,0%,백현동,0.3043,14,14,0
BASE,기본 (회귀결과),-,0%,금곡동,0.7377,5,5,0
BASE,기본 (회귀결과),-,0%,구미1동,-0.1443,26,26,0
BASE,기본 (회귀결과),-,0%,구미동,0.405,12,12,0
BASE,기본 (회귀결과),-,0%,운중동,1.0647,2,2,0
인구수_+10%,인구수 +10% 조정,인구수,+10%,신흥1동,-0.3172,36,35,-1
인구수_+10%,인구수 +10% 조정,인구수,+10%,신흥2동,1.0749,3,3,0
인구수_+10%,인구수 +10% 조정,인구수,+10%,신흥3동,-0.5002,43,43,0
인구수_+10%,인구수 +10% 조정,인구수,+10%,태평1동,-0.1957,27,27,0
인구수_+10%,인구수 +10% 조정,인구수,+10%,태평2동,-0.2453,32,31,-1
인구수_+10%,인구수 +10% 조정,인구수,+10%,태평3동,-0.3217,37,36,-1
인구수_+10%,인구수 +10% 조정,인구수,+10%,태평4동,-0.3942,39,39,0
인구수_+10%,인구수 +10% 조정,인구수,+10%,수진1동,-0.3765,38,38,0
인구수_+10%,인구수 +10% 조정,인구수,+10%,수진2동,-0.1114,24,23,-1
인구수_+10%,인구수 +10% 조정,인구수,+10%,단대동,-0.2202,29,30,1
인구수_+10%,인구수 +10% 조정,인구수,+10%,산성동,-0.7639,47,47,0
인구수_+10%,인구수 +10% 조정,인구수,+10%,양지동,-0.5714,45,45,0
인구수_+10%,인구수 +10% 조정,인구수,+10%,복정동,-0.2117,28,28,0
인구수_+10%,인구수 +10% 조정,인구수,+10%,위례동,1.4155,1,1,0
인구수_+10%,인구수 +10% 조정,인구수,+10%,신촌동,-0.8639,49,49,0
인구수_+10%,인구수 +10% 조정,인구수,+10%,고등동,-0.6657,46,46,0
인구수_+10%,인구수 +10% 조정,인구수,+10%,시흥동,-0.878,50,50,0
인구수_+10%,인구수 +10% 조정,인구수,+10%,성남동,0.8312,4,4,0
인구수_+10%,인구수 +10% 조정,인구수,+10%,중앙동,0.0051,22,22,0
인구수_+10%,인구수 +10% 조정,인구수,+10%,금광1동,0.1141,19,19,0
인구수_+10%,인구수 +10% 조정,인구수,+10%,금광2동,0.5281,9,8,-1
인구수_+10%,인구수 +10% 조정,인구수,+10%,은행1동,-0.5176,44,44,0
인구수_+10%,인구수 +10% 조정,인구수,+10%,은행2동,0.2153,17,17,0
인구수_+10%,인구수 +10% 조정,인구수,+10%,상대원1동,0.5487,7,7,0
인구수_+10%,인구수 +10% 조정,인구수,+10%,상대원2동,-0.8583,48,48,0
인구수_+10%,인구수 +10% 조정,인구수,+10%,상대원3동,-0.4344,41,41,0
인구수_+10%,인구수 +10% 조정,인구수,+10%,하대원동,0.0708,21,21,0
인구수_+10%,인구수 +10% 조정,인구수,+10%,도촌동,0.3241,16,15,-1
인구수_+10%,인구수 +10% 조정,인구수,+10%,분당동,0.4481,12,11,-1
인구수_+10%,인구수 +10% 조정,인구수,+10%,수내1동,-0.2282,31,32,1
인구수_+10%,인구수 +10% 조정,인구수,+10%,수내2동,-0.4292,40,40,0
인구수_+10%,인구수 +10% 조정,인구수,+10%,수내3동,-0.1561,25,25,0
인구수_+10%,인구수 +10% 조정,인구수,+10%,정자동,-0.3028,34,34,0
인구수_+10%,인구수 +10% 조정,인구수,+10%,정자1동,0.7099,6,6,0
인구수_+10%,인구수 +10% 조정,인구수,+10%,정자2동,-0.2207,30,29,-1
인구수_+10%,인구수 +10% 조정,인구수,+10%,정자3동,0.0853,20,20,0
인구수_+10%,인구수 +10% 조정,인구수,+10%,서현1동,0.3396,15,16,1
인구수_+10%,인구수 +10% 조정,인구수,+10%,서현2동,0.1396,18,18,0
인구수_+10%,인구수 +10% 조정,인구수,+10%,이매1동,0.4119,13,13,0
인구수_+10%,인구수 +10% 조정,인구수,+10%,이매2동,-0.4398,42,42,0
인구수_+10%,인구수 +10% 조정,인구수,+10%,야탑1동,-0.2859,33,33,0
인구수_+10%,인구수 +10% 조정,인구수,+10%,야탑2동,-0.3129,35,37,2
인구수_+10%,인구수 +10% 조정,인구수,+10%,야탑3동,0.5307,8,9,1
인구수_+10%,인구수 +10% 조정,인구수,+10%,판교동,0.4722,10,10,0
인구수_+10%,인구수 +10% 조정,인구수,+10%,삼평동,-0.0802,23,24,1
인구수_+10%,인구수 +10% 조정,인구수,+10%,백현동,0.3531,14,14,0
인구수_+10%,인구수 +10% 조정,인구수,+10%,금곡동,0.7894,5,5,0
인구수_+10%,인구수 +10% 조정,인구수,+10%,구미1동,-0.1568,26,26,0
인구수_+10%,인구수 +10% 조정,인구수,+10%,구미동,0.4639,11,12,1
인구수_+10%,인구수 +10% 조정,인구수,+10%,운중동,1.1882,2,2,0
인구수_+20%,인구수 +20% 조정,인구수,+20%,신흥1동,-0.3543,36,35,-1
인구수_+20%,인구수 +20% 조정,인구수,+20%,신흥2동,1.1558,3,3,0
인구수_+20%,인구수 +20% 조정,인구수,+20%,신흥3동,-0.5454,43,43,0
인구수_+20%,인구수 +20% 조정,인구수,+20%,태평1동,-0.2232,27,27,0
인구수_+20%,인구수 +20% 조정,인구수,+20%,태평2동,-0.2727,32,31,-1
인구수_+20%,인구수 +20% 조정,인구수,+20%,태평3동,-0.3616,37,36,-1
인구수_+20%,인구수 +20% 조정,인구수,+20%,태평4동,-0.4381,39,39,0
인구수_+20%,인구수 +20% 조정,인구수,+20%,수진1동,-0.4212,38,38,0
인구수_+20%,인구수 +20% 조정,인구수,+20%,수진2동,-0.1345,24,23,-1
인구수_+20%,인구수 +20% 조정,인구수,+20%,단대동,-0.2444,30,30,0
인구수_+20%,인구수 +20% 조정,인구수,+20%,산성동,-0.8467,47,47,0
인구수_+20%,인구수 +20% 조정,인구수,+20%,양지동,-0.6273,45,45,0
인구수_+20%,인구수 +20% 조정,인구수,+20%,복정동,-0.2392,29,28,-1
인구수_+20%,인구수 +20% 조정,인구수,+20%,위례동,1.5791,1,1,0
인구수_+20%,인구수 +20% 조정,인구수,+20%,신촌동,-0.9462,48,49,1
인구수_+20%,인구수 +20% 조정,인구수,+20%,고등동,-0.7045,46,46,0
인구수_+20%,인구수 +20% 조정,인구수,+20%,시흥동,-0.9655,50,50,0
인구수_+20%,인구수 +20% 조정,인구수,+20%,성남동,0.9138,4,4,0
인구수_+20%,인구수 +20% 조정,인구수,+20%,중앙동,-0.0044,22,22,0
인구수_+20%,인구수 +20% 조정,인구수,+20%,금광1동,0.123,19,19,0
인구수_+20%,인구수 +20% 조정,인구수,+20%,금광2동,0.559,9,8,-1
인구수_+20%,인구수 +20% 조정,인구수,+20%,은행1동,-0.571,44,44,0
인구수_+20%,인구수 +20% 조정,인구수,+20%,은행2동,0.2289,17,17,0
인구수_+20%,인구수 +20% 조정,인구수,+20%,상대원1동,0.5739,8,7,-1
인구수_+20%,인구수 +20% 조정,인구수,+20%,상대원2동,-0.95,49,48,-1
인구수_+20%,인구수 +20% 조정,인구수,+20%,상대원3동,-0.4772,42,41,-1
인구수_+20%,인구수 +20% 조정,인구수,+20%,하대원동,0.079,20,21,1
인구수_+20%,인구수 +20% 조정,인구수,+20%,도촌동,0.3698,16,15,-1
인구수_+20%,인구수 +20% 조정,인구수,+20%,분당동,0.4858,12,11,-1
인구수_+20%,인구수 +20% 조정,인구수,+20%,수내1동,-0.2299,28,32,4
인구수_+20%,인구수 +20% 조정,인구수,+20%,수내2동,-0.4761,41,40,-1
인구수_+20%,인구수 +20% 조정,인구수,+20%,수내3동,-0.1859,26,25,-1
인구수_+20%,인구수 +20% 조정,인구수,+20%,정자동,-0.3293,35,34,-1
인구수_+20%,인구수 +20% 조정,인구수,+20%,정자1동,0.7837,6,6,0
인구수_+20%,인구수 +20% 조정,인구수,+20%,정자2동,-0.2464,31,29,-2
인구수_+20%,인구수 +20% 조정,인구수,+20%,정자3동,0.0755,21,20,-1
인구수_+20%,인구수 +20% 조정,인구수,+20%,서현1동,0.4149,14,16,2
인구수_+20%,인구수 +20% 조정,인구수,+20%,서현2동,0.1342,18,18,0
인구수_+20%,인구수 +20% 조정,인구수,+20%,이매1동,0.4506,13,13,0
인구수_+20%,인구수 +20% 조정,인구수,+20%,이매2동,-0.472,40,42,2
인구수_+20%,인구수 +20% 조정,인구수,+20%,야탑1동,-0.2956,33,33,0
인구수_+20%,인구수 +20% 조정,인구수,+20%,야탑2동,-0.3283,34,37,3
인구수_+20%,인구수 +20% 조정,인구수,+20%,야탑3동,0.5817,7,9,2
인구수_+20%,인구수 +20% 조정,인구수,+20%,판교동,0.5216,11,10,-1
인구수_+20%,인구수 +20% 조정,인구수,+20%,삼평동,-0.0476,23,24,1
인구수_+20%,인구수 +20% 조정,인구수,+20%,백현동,0.402,15,14,-1
인구수_+20%,인구수 +20% 조정,인구수,+20%,금곡동,0.841,5,5,0
인구수_+20%,인구수 +20% 조정,인구수,+20%,구미1동,-0.1693,25,26,1
인구수_+20%,인구수 +20% 조정,인구수,+20%,구미동,0.5227,10,12,2
인구수_+20%,인구수 +20% 조정,인구수,+20%,운중동,1.3118,2,2,0
인구수_-10%,인구수 -10% 조정,인구수,-10%,신흥1동,-0.2431,34,35,1
인구수_-10%,인구수 -10% 조정,인구수,-10%,신흥2동,0.9131,3,3,0
인구수_-10%,인구수 -10% 조정,인구수,-10%,신흥3동,-0.4099,43,43,0
인구수_-10%,인구수 -10% 조정,인구수,-10%,태평1동,-0.1406,26,27,1
인구수_-10%,인구수 -10% 조정,인구수,-10%,태평2동,-0.1906,31,31,0
인구수_-10%,인구수 -10% 조정,인구수,-10%,태평3동,-0.2421,33,36,3
인구수_-10%,인구수 -10% 조정,인구수,-10%,태평4동,-0.3064,39,39,0
인구수_-10%,인구수 -10% 조정,인구수,-10%,수진1동,-0.287,38,38,0
인구수_-10%,인구수 -10% 조정,인구수,-10%,수진2동,-0.065,23,23,0
인구수_-10%,인구수 -10% 조정,인구수,-10%,단대동,-0.1719,30,30,0
인구수_-10%,인구수 -10% 조정,인구수,-10%,산성동,-0.5983,47,47,0
인구수_-10%,인구수 -10% 조정,인구수,-10%,양지동,-0.4597,45,45,0
인구수_-10%,인구수 -10% 조정,인구수,-10%,복정동,-0.1566,28,28,0
인구수_-10%,인구수 -10% 조정,인구수,-10%,위례동,1.0884,1,1,0
인구수_-10%,인구수 -10% 조정,인구수,-10%,신촌동,-0.6993,49,49,0
인구수_-10%,인구수 -10% 조정,인구수,-10%,고등동,-0.5881,46,46,0
인구수_-10%,인구수 -10% 조정,인구수,-10%,시흥동,-0.7031,50,50,0
인구수_-10%,인구수 -10% 조정,인구수,-10%,성남동,0.6662,5,4,-1
인구수_-10%,인구수 -10% 조정,인구수,-10%,중앙동,0.0241,22,22,0
인구수_-10%,인구수 -10% 조정,인구수,-10%,금광1동,0.0963,20,19,-1
인구수_-10%,인구수 -10% 조정,인구수,-10%,금광2동,0.4664,8,8,0
인구수_-10%,인구수 -10% 조정,인구수,-10%,은행1동,-0.4108,44,44,0
인구수_-10%,인구수 -10% 조정,인구수,-10%,은행2동,0.188,17,17,0
인구수_-10%,인구수 -10% 조정,인구수,-10%,상대원1동,0.4983,7,7,0
인구수_-10%,인구수 -10% 조정,인구수,-10%,상대원2동,-0.6748,48,48,0
인구수_-10%,인구수 -10% 조정,인구수,-10%,상대원3동,-0.3489,41,41,0
인구수_-10%,인구수 -10% 조정,인구수,-10%,하대원동,0.0544,21,21,0
인구수_-10%,인구수 -10% 조정,인구수,-10%,도촌동,0.2328,15,15,0
인구수_-10%,인구수 -10% 조정,인구수,-10%,분당동,0.3727,11,11,0
인구수_-10%,인구수 -10% 조정,인구수,-10%,수내1동,-0.2249,32,32,0
인구수_-10%,인구수 -10% 조정,인구수,-10%,수내2동,-0.3355,40,40,0
인구수_-10%,인구수 -10% 조정,인구수,-10%,수내3동,-0.0964,24,25,1
인구수_-10%,인구수 -10% 조정,인구수,-10%,정자동,-0.2497,35,34,-1
인구수_-10%,인구수 -10% 조정,인구수,-10%,정자1동,0.5622,6,6,0
인구수_-10%,인구수 -10% 조정,인구수,-10%,정자2동,-0.1694,29,29,0
인구수_-10%,인구수 -10% 조정,인구수,-10%,정자3동,0.1049,19,20,1
인구수_-10%,인구수 -10% 조정,인구수,-10%,서현1동,0.1891,16,16,0
인구수_-10%,인구수 -10% 조정,인구수,-10%,서현2동,0.1506,18,18,0
인구수_-10%,인구수 -10% 조정,인구수,-10%,이매1동,0.3345,13,13,0
인구수_-10%,인구수 -10% 조정,인구수,-10%,이매2동,-0.3755,42,42,0
인구수_-10%,인구수 -10% 조정,인구수,-10%,야탑1동,-0.2663,36,33,-3
인구수_-10%,인구수 -10% 조정,인구수,-10%,야탑2동,-0.282,37,37,0
인구수_-10%,인구수 -10% 조정,인구수,-10%,야탑3동,0.4288,9,9,0
인구수_-10%,인구수 -10% 조정,인구수,-10%,판교동,0.3734,10,10,0
인구수_-10%,인구수 -10% 조정,인구수,-10%,삼평동,-0.1454,27,24,-3
인구수_-10%,인구수 -10% 조정,인구수,-10%,백현동,0.2555,14,14,0
인구수_-10%,인구수 -10% 조정,인구수,-10%,금곡동,0.6861,4,5,1
인구수_-10%,인구수 -10% 조정,인구수,-10%,구미1동,-0.1318,25,26,1
인구수_-10%,인구수 -10% 조정,인구수,-10%,구미동,0.3462,12,12,0
인구수_-10%,인구수 -10% 조정,인구수,-10%,운중동,0.9411,2,2,0
인구수_-20%,인구수 -20% 조정,인구수,-20%,신흥1동,-0.206,33,35,2
인구수_-20%,인구수 -20% 조정,인구수,-20%,신흥2동,0.8322,2,3,1
인구수_-20%,인구수 -20% 조정,인구수,-20%,신흥3동,-0.3648,44,43,-1
인구수_-20%,인구수 -20% 조정,인구수,-20%,태평1동,-0.113,25,27,2
인구수_-20%,인구수 -20% 조정,인구수,-20%,태평2동,-0.1632,30,31,1
인구수_-20%,인구수 -20% 조정,인구수,-20%,태평3동,-0.2022,32,36,4
인구수_-20%,인구수 -20% 조정,인구수,-20%,태평4동,-0.2625,38,39,1
인구수_-20%,인구수 -20% 조정,인구수,-20%,수진1동,-0.2422,36,38,2
인구수_-20%,인구수 -20% 조정,인구수,-20%,수진2동,-0.0418,23,23,0
인구수_-20%,인구수 -20% 조정,인구수,-20%,단대동,-0.1477,29,30,1
인구수_-20%,인구수 -20% 조정,인구수,-20%,산성동,-0.5155,46,47,1
인구수_-20%,인구수 -20% 조정,인구수,-20%,양지동,-0.4038,45,45,0
인구수_-20%,인구수 -20% 조정,인구수,-20%,복정동,-0.1291,27,28,1
인구수_-20%,인구수 -20% 조정,인구수,-20%,위례동,0.9248,1,1,0
인구수_-20%,인구수 -20% 조정,인구수,-20%,신촌동,-0.617,50,49,-1
인구수_-20%,인구수 -20% 조정,인구수,-20%,고등동,-0.5492,47,46,-1
인구수_-20%,인구수 -20% 조정,인구수,-20%,시흥동,-0.6156,49,50,1
인구수_-20%,인구수 -20% 조정,인구수,-20%,성남동,0.5837,5,4,-1
인구수_-20%,인구수 -20% 조정,인구수,-20%,중앙동,0.0336,22,22,0
인구수_-20%,인구수 -20% 조정,인구수,-20%,금광1동,0.0874,20,19,-1
인구수_-20%,인구수 -20% 조정,인구수,-20%,금광2동,0.4356,8,8,0
인구수_-20%,인구수 -20% 조정,인구수,-20%,은행1동,-0.3574,43,44,1
인구수_-20%,인구수 -20% 조정,인구수,-20%,은행2동,0.1743,16,17,1
인구수_-20%,인구수 -20% 조정,인구수,-20%,상대원1동,0.4731,7,7,0
인구수_-20%,인구수 -20% 조정,인구수,-20%,상대원2동,-0.5831,48,48,0
인구수_-20%,인구수 -20% 조정,인구수,-20%,상대원3동,-0.3061,41,41,0
인구수_-20%,인구수 -20% 조정,인구수,-20%,하대원동,0.0462,21,21,0
인구수_-20%,인구수 -20% 조정,인구수,-20%,도촌동,0.1872,15,15,0
인구수_-20%,인구수 -20% 조정,인구수,-20%,분당동,0.335,10,11,1
인구수_-20%,인구수 -20% 조정,인구수,-20%,수내1동,-0.2233,35,32,-3
인구수_-20%,인구수 -20% 조정,인구수,-20%,수내2동,-0.2887,40,40,0
인구수_-20%,인구수 -20% 조정,인구수,-20%,수내3동,-0.0666,24,25,1
인구수_-20%,인구수 -20% 조정,인구수,-20%,정자동,-0.2232,34,34,0
인구수_-20%,인구수 -20% 조정,인구수,-20%,정자1동,0.4884,6,6,0
인구수_-20%,인구수 -20% 조정,인구수,-20%,정자2동,-0.1437,28,29,1
인구수_-20%,인구수 -20% 조정,인구수,-20%,정자3동,0.1147,18,20,2
인구수_-20%,인구수 -20% 조정,인구수,-20%,서현1동,0.1138,19,16,-3
인구수_-20%,인구수 -20% 조정,인구수,-20%,서현2동,0.156,17,18,1
인구수_-20%,인구수 -20% 조정,인구수,-20%,이매1동,0.2958,12,13,1
인구수_-20%,인구수 -20% 조정,인구수,-20%,이매2동,-0.3433,42,42,0
인구수_-20%,인구수 -20% 조정,인구수,-20%,야탑1동,-0.2566,37,33,-4
인구수_-20%,인구수 -20% 조정,인구수,-20%,야탑2동,-0.2666,39,37,-2
인구수_-20%,인구수 -20% 조정,인구수,-20%,야탑3동,0.3778,9,9,0
인구수_-20%,인구수 -20% 조정,인구수,-20%,판교동,0.324,11,10,-1
인구수_-20%,인구수 -20% 조정,인구수,-20%,삼평동,-0.1781,31,24,-7
인구수_-20%,인구수 -20% 조정,인구수,-20%,백현동,0.2066,14,14,0
인구수_-20%,인구수 -20% 조정,인구수,-20%,금곡동,0.6344,4,5,1
인구수_-20%,인구수 -20% 조정,인구수,-20%,구미1동,-0.1193,26,26,0
인구수_-20%,인구수 -20% 조정,인구수,-20%,구미동,0.2873,13,12,-1
인구수_-20%,인구수 -20% 조정,인구수,-20%,운중동,0.8176,3,2,-1
유동인구_+10%,유동인구 +10% 조정,유동인구,+10%,신흥1동,-0.2709,33,35,2
유동인구_+10%,유동인구 +10% 조정,유동인구,+10%,신흥2동,1.0021,3,3,0
유동인구_+10%,유동인구 +10% 조정,유동인구,+10%,신흥3동,-0.4454,43,43,0
유동인구_+10%,유동인구 +10% 조정,유동인구,+10%,태평1동,-0.1648,27,27,0
유동인구_+10%,유동인구 +10% 조정,유동인구,+10%,태평2동,-0.2077,31,31,0
유동인구_+10%,유동인구 +10% 조정,유동인구,+10%,태평3동,-0.2721,34,36,2
유동인구_+10%,유동인구 +10% 조정,유동인구,+10%,태평4동,-0.3384,39,39,0
유동인구_+10%,유동인구 +10% 조정,유동인구,+10%,수진1동,-0.3207,38,38,0
유동인구_+10%,유동인구 +10% 조정,유동인구,+10%,수진2동,-0.0834,23,23,0
유동인구_+10%,유동인구 +10% 조정,유동인구,+10%,단대동,-0.1862,29,30,1
유동인구_+10%,유동인구 +10% 조정,유동인구,+10%,산성동,-0.6698,47,47,0
유동인구_+10%,유동인구 +10% 조정,유동인구,+10%,양지동,-0.5039,45,45,0
유동인구_+10%,유동인구 +10% 조정,유동인구,+10%,복정동,-0.1944,30,28,-2
유동인구_+10%,유동인구 +10% 조정,유동인구,+10%,위례동,1.2274,1,1,0
유동인구_+10%,유동인구 +10% 조정,유동인구,+10%,신촌동,-0.7705,49,49,0
유동인구_+10%,유동인구 +10% 조정,유동인구,+10%,고등동,-0.6375,46,46,0
유동인구_+10%,유동인구 +10% 조정,유동인구,+10%,시흥동,-0.808,50,50,0
유동인구_+10%,유동인구 +10% 조정,유동인구,+10%,성남동,0.733,4,4,0
유동인구_+10%,유동인구 +10% 조정,유동인구,+10%,중앙동,0.0261,22,22,0
유동인구_+10%,유동인구 +10% 조정,유동인구,+10%,금광1동,0.1159,19,19,0
유동인구_+10%,유동인구 +10% 조정,유동인구,+10%,금광2동,0.5058,8,8,0
유동인구_+10%,유동인구 +10% 조정,유동인구,+10%,은행1동,-0.4502,44,44,0
유동인구_+10%,유동인구 +10% 조정,유동인구,+10%,은행2동,0.2129,17,17,0
유동인구_+10%,유동인구 +10% 조정,유동인구,+10%,상대원1동,0.5227,7,7,0
유동인구_+10%,유동인구 +10% 조정,유동인구,+10%,상대원2동,-0.7545,48,48,0
유동인구_+10%,유동인구 +10% 조정,유동인구,+10%,상대원3동,-0.3785,41,41,0
유동인구_+10%,유동인구 +10% 조정,유동인구,+10%,하대원동,0.0699,21,21,0
유동인구_+10%,유동인구 +10% 조정,유동인구,+10%,도촌동,0.2677,15,15,0
유동인구_+10%,유동인구 +10% 조정,유동인구,+10%,분당동,0.4157,10,11,1
유동인구_+10%,유동인구 +10% 조정,유동인구,+10%,수내1동,-0.2406,32,32,0
유동인구_+10%,유동인구 +10% 조정,유동인구,+10%,수내2동,-0.3719,40,40,0
유동인구_+10%,유동인구 +10% 조정,유동인구,+10%,수내3동,-0.1162,24,25,1
유동인구_+10%,유동인구 +10% 조정,유동인구,+10%,정자동,-0.2736,35,34,-1
유동인구_+10%,유동인구 +10% 조정,유동인구,+10%,정자1동,0.6092,6,6,0
유동인구_+10%,유동인구 +10% 조정,유동인구,+10%,정자2동,-0.1819,28,29,1
유동인구_+10%,유동인구 +10% 조정,유동인구,+10%,정자3동,0.1063,20,20,0
유동인구_+10%,유동인구 +10% 조정,유동인구,+10%,서현1동,0.2275,16,16,0
유동인구_+10%,유동인구 +10% 조정,유동인구,+10%,서현2동,0.1504,18,18,0
유동인구_+10%,유동인구 +10% 조정,유동인구,+10%,이매1동,0.38,13,13,0
유동인구_+10%,유동인구 +10% 조정,유동인구,+10%,이매2동,-0.398,42,42,0
유동인구_+10%,유동인구 +10% 조정,유동인구,+10%,야탑1동,-0.3007,37,33,-4
유동인구_+10%,유동인구 +10% 조정,유동인구,+10%,야탑2동,-0.2876,36,37,1
유동인구_+10%,유동인구 +10% 조정,유동인구,+10%,야탑3동,0.488,9,9,0
유동인구_+10%,유동인구 +10% 조정,유동인구,+10%,판교동,0.4105,11,10,-1
유동인구_+10%,유동인구 +10% 조정,유동인구,+10%,삼평동,-0.1505,26,24,-2
유동인구_+10%,유동인구 +10% 조정,유동인구,+10%,백현동,0.2893,14,14,0
유동인구_+10%,유동인구 +10% 조정,유동인구,+10%,금곡동,0.7236,5,5,0
유동인구_+10%,유동인구 +10% 조정,유동인구,+10%,구미1동,-0.1484,25,26,1
유동인구_+10%,유동인구 +10% 조정,유동인구,+10%,구미동,0.3921,12,12,0
유동인구_+10%,유동인구 +10% 조정,유동인구,+10%,운중동,1.0503,2,2,0
유동인구_+20%,유동인구 +20% 조정,유동인구,+20%,신흥1동,-0.2616,33,35,2
유동인구_+20%,유동인구 +20% 조정,유동인구,+20%,신흥2동,1.0102,3,3,0
유동인구_+20%,유동인구 +20% 조정,유동인구,+20%,신흥3동,-0.4358,43,43,0
유동인구_+20%,유동인구 +20% 조정,유동인구,+20%,태평1동,-0.1616,26,27,1
유동인구_+20%,유동인구 +20% 조정,유동인구,+20%,태평2동,-0.1974,30,31,1
유동인구_+20%,유동인구 +20% 조정,유동인구,+20%,태평3동,-0.2623,34,36,2
유동인구_+20%,유동인구 +20% 조정,유동인구,+20%,태평4동,-0.3265,39,39,0
유동인구_+20%,유동인구 +20% 조정,유동인구,+20%,수진1동,-0.3097,37,38,1
유동인구_+20%,유동인구 +20% 조정,유동인구,+20%,수진2동,-0.0785,23,23,0
유동인구_+20%,유동인구 +20% 조정,유동인구,+20%,단대동,-0.1764,28,30,2
유동인구_+20%,유동인구 +20% 조정,유동인구,+20%,산성동,-0.6585,47,47,0
유동인구_+20%,유동인구 +20% 조정,유동인구,+20%,양지동,-0.4922,45,45,0
유동인구_+20%,유동인구 +20% 조정,유동인구,+20%,복정동,-0.2047,31,28,-3
유동인구_+20%,유동인구 +20% 조정,유동인구,+20%,위례동,1.2028,1,1,0
유동인구_+20%,유동인구 +20% 조정,유동인구,+20%,신촌동,-0.7595,49,49,0
유동인구_+20%,유동인구 +20% 조정,유동인구,+20%,고등동,-0.6481,46,46,0
유동인구_+20%,유동인구 +20% 조정,유동인구,+20%,시흥동,-0.8254,50,50,0
유동인구_+20%,유동인구 +20% 조정,유동인구,+20%,성남동,0.7173,4,4,0
유동인구_+20%,유동인구 +20% 조정,유동인구,+20%,중앙동,0.0376,22,22,0
유동인구_+20%,유동인구 +20% 조정,유동인구,+20%,금광1동,0.1266,19,19,0
유동인구_+20%,유동인구 +20% 조정,유동인구,+20%,금광2동,0.5144,8,8,0
유동인구_+20%,유동인구 +20% 조정,유동인구,+20%,은행1동,-0.4362,44,44,0
유동인구_+20%,유동인구 +20% 조정,유동인구,+20%,은행2동,0.2242,16,17,1
유동인구_+20%,유동인구 +20% 조정,유동인구,+20%,상대원1동,0.5219,7,7,0
유동인구_+20%,유동인구 +20% 조정,유동인구,+20%,상대원2동,-0.7425,48,48,0
유동인구_+20%,유동인구 +20% 조정,유동인구,+20%,상대원3동,-0.3653,41,41,0
유동인구_+20%,유동인구 +20% 조정,유동인구,+20%,하대원동,0.0771,21,21,0
유동인구_+20%,유동인구 +20% 조정,유동인구,+20%,도촌동,0.2569,15,15,0
유동인구_+20%,유동인구 +20% 조정,유동인구,+20%,분당동,0.4211,10,11,1
유동인구_+20%,유동인구 +20% 조정,유동인구,+20%,수내1동,-0.2547,32,32,0
유동인구_+20%,유동인구 +20% 조정,유동인구,+20%,수내2동,-0.3615,40,40,0
유동인구_+20%,유동인구 +20% 조정,유동인구,+20%,수내3동,-0.1061,24,25,1
유동인구_+20%,유동인구 +20% 조정,유동인구,+20%,정자동,-0.271,35,34,-1
유동인구_+20%,유동인구 +20% 조정,유동인구,+20%,정자1동,0.5823,6,6,0
유동인구_+20%,유동인구 +20% 조정,유동인구,+20%,정자2동,-0.1687,27,29,2
유동인구_+20%,유동인구 +20% 조정,유동인구,+20%,정자3동,0.1175,20,20,0
유동인구_+20%,유동인구 +20% 조정,유동인구,+20%,서현1동,0.1906,17,16,-1
유동인구_+20%,유동인구 +20% 조정,유동인구,+20%,서현2동,0.1558,18,18,0
유동인구_+20%,유동인구 +20% 조정,유동인구,+20%,이매1동,0.3869,12,13,1
유동인구_+20%,유동인구 +20% 조정,유동인구,+20%,이매2동,-0.3884,42,42,0
유동인구_+20%,유동인구 +20% 조정,유동인구,+20%,야탑1동,-0.3253,38,33,-5
유동인구_+20%,유동인구 +20% 조정,유동인구,+20%,야탑2동,-0.2777,36,37,1
유동인구_+20%,유동인구 +20% 조정,유동인구,+20%,야탑3동,0.4962,9,9,0
유동인구_+20%,유동인구 +20% 조정,유동인구,+20%,판교동,0.3982,11,10,-1
유동인구_+20%,유동인구 +20% 조정,유동인구,+20%,삼평동,-0.1882,29,24,-5
유동인구_+20%,유동인구 +20% 조정,유동인구,+20%,백현동,0.2744,14,14,0
유동인구_+20%,유동인구 +20% 조정,유동인구,+20%,금곡동,0.7094,5,5,0
유동인구_+20%,유동인구 +20% 조정,유동인구,+20%,구미1동,-0.1525,25,26,1
유동인구_+20%,유동인구 +20% 조정,유동인구,+20%,구미동,0.3792,13,12,-1
유동인구_+20%,유동인구 +20% 조정,유동인구,+20%,운중동,1.0359,2,2,0
유동인구_-10%,유동인구 -10% 조정,유동인구,-10%,신흥1동,-0.2894,35,35,0
유동인구_-10%,유동인구 -10% 조정,유동인구,-10%,신흥2동,0.9859,3,3,0
유동인구_-10%,유동인구 -10% 조정,유동인구,-10%,신흥3동,-0.4647,43,43,0
유동인구_-10%,유동인구 -10% 조정,유동인구,-10%,태평1동,-0.1714,27,27,0
유동인구_-10%,유동인구 -10% 조정,유동인구,-10%,태평2동,-0.2282,32,31,-1
유동인구_-10%,유동인구 -10% 조정,유동인구,-10%,태평3동,-0.2917,36,36,0
유동인구_-10%,유동인구 -10% 조정,유동인구,-10%,태평4동,-0.3622,39,39,0
유동인구_-10%,유동인구 -10% 조정,유동인구,-10%,수진1동,-0.3427,38,38,0
유동인구_-10%,유동인구 -10% 조정,유동인구,-10%,수진2동,-0.093,24,23,-1
유동인구_-10%,유동인구 -10% 조정,유동인구,-10%,단대동,-0.2059,29,30,1
유동인구_-10%,유동인구 -10% 조정,유동인구,-10%,산성동,-0.6924,47,47,0
유동인구_-10%,유동인구 -10% 조정,유동인구,-10%,양지동,-0.5272,45,45,0
유동인구_-10%,유동인구 -10% 조정,유동인구,-10%,복정동,-0.1739,28,28,0
유동인구_-10%,유동인구 -10% 조정,유동인구,-10%,위례동,1.2765,1,1,0
유동인구_-10%,유동인구 -10% 조정,유동인구,-10%,신촌동,-0.7927,50,49,-1
유동인구_-10%,유동인구 -10% 조정,유동인구,-10%,고등동,-0.6163,46,46,0
유동인구_-10%,유동인구 -10% 조정,유동인구,-10%,시흥동,-0.7731,48,50,2
유동인구_-10%,유동인구 -10% 조정,유동인구,-10%,성남동,0.7644,4,4,0
유동인구_-10%,유동인구 -10% 조정,유동인구,-10%,중앙동,0.0031,22,22,0
유동인구_-10%,유동인구 -10% 조정,유동인구,-10%,금광1동,0.0945,19,19,0
유동인구_-10%,유동인구 -10% 조정,유동인구,-10%,금광2동,0.4887,8,8,0
유동인구_-10%,유동인구 -10% 조정,유동인구,-10%,은행1동,-0.4782,44,44,0
유동인구_-10%,유동인구 -10% 조정,유동인구,-10%,은행2동,0.1904,17,17,0
유동인구_-10%,유동인구 -10% 조정,유동인구,-10%,상대원1동,0.5243,7,7,0
유동인구_-10%,유동인구 -10% 조정,유동인구,-10%,상대원2동,-0.7786,49,48,-1
유동인구_-10%,유동인구 -10% 조정,유동인구,-10%,상대원3동,-0.4048,41,41,0
유동인구_-10%,유동인구 -10% 조정,유동인구,-10%,하대원동,0.0554,21,21,0
유동인구_-10%,유동인구 -10% 조정,유동인구,-10%,도촌동,0.2893,16,15,-1
유동인구_-10%,유동인구 -10% 조정,유동인구,-10%,분당동,0.405,12,11,-1
유동인구_-10%,유동인구 -10% 조정,유동인구,-10%,수내1동,-0.2125,31,32,1
유동인구_-10%,유동인구 -10% 조정,유동인구,-10%,수내2동,-0.3928,40,40,0
유동인구_-10%,유동인구 -10% 조정,유동인구,-10%,수내3동,-0.1363,25,25,0
유동인구_-10%,유동인구 -10% 조정,유동인구,-10%,정자동,-0.2789,34,34,0
유동인구_-10%,유동인구 -10% 조정,유동인구,-10%,정자1동,0.6629,6,6,0
유동인구_-10%,유동인구 -10% 조정,유동인구,-10%,정자2동,-0.2082,30,29,-1
유동인구_-10%,유동인구 -10% 조정,유동인구,-10%,정자3동,0.0839,20,20,0
유동인구_-10%,유동인구 -10% 조정,유동인구,-10%,서현1동,0.3012,15,16,1
유동인구_-10%,유동인구 -10% 조정,유동인구,-10%,서현2동,0.1398,18,18,0
유동인구_-10%,유동인구 -10% 조정,유동인구,-10%,이매1동,0.3664,13,13,0
유동인구_-10%,유동인구 -10% 조정,유동인구,-10%,이매2동,-0.4173,42,42,0
유동인구_-10%,유동인구 -10% 조정,유동인구,-10%,야탑1동,-0.2515,33,33,0
유동인구_-10%,유동인구 -10% 조정,유동인구,-10%,야탑2동,-0.3073,37,37,0
유동인구_-10%,유동인구 -10% 조정,유동인구,-10%,야탑3동,0.4715,9,9,0
유동인구_-10%,유동인구 -10% 조정,유동인구,-10%,판교동,0.4351,10,10,0
유동인구_-10%,유동인구 -10% 조정,유동인구,-10%,삼평동,-0.0751,23,24,1
유동인구_-10%,유동인구 -10% 조정,유동인구,-10%,백현동,0.3192,14,14,0
유동인구_-10%,유동인구 -10% 조정,유동인구,-10%,금곡동,0.7519,5,5,0
유동인구_-10%,유동인구 -10% 조정,유동인구,-10%,구미1동,-0.1402,26,26,0
유동인구_-10%,유동인구 -10% 조정,유동인구,-10%,구미동,0.4179,11,12,1
유동인구_-10%,유동인구 -10% 조정,유동인구,-10%,운중동,1.0791,2,2,0
유동인구_-20%,유동인구 -20% 조정,유동인구,-20%,신흥1동,-0.2986,35,35,0
유동인구_-20%,유동인구 -20% 조정,유동인구,-20%,신흥2동,0.9778,3,3,0
유동인구_-20%,유동인구 -20% 조정,유동인구,-20%,신흥3동,-0.4743,43,43,0
유동인구_-20%,유동인구 -20% 조정,유동인구,-20%,태평1동,-0.1747,28,27,-1
유동인구_-20%,유동인구 -20% 조정,유동인구,-20%,태평2동,-0.2385,33,31,-2
유동인구_-20%,유동인구 -20% 조정,유동인구,-20%,태평3동,-0.3015,36,36,0
유동인구_-20%,유동인구 -20% 조정,유동인구,-20%,태평4동,-0.3741,39,39,0
유동인구_-20%,유동인구 -20% 조정,유동인구,-20%,수진1동,-0.3537,38,38,0
유동인구_-20%,유동인구 -20% 조정,유동인구,-20%,수진2동,-0.0978,24,23,-1
유동인구_-20%,유동인구 -20% 조정,유동인구,-20%,단대동,-0.2158,30,30,0
유동인구_-20%,유동인구 -20% 조정,유동인구,-20%,산성동,-0.7037,47,47,0
유동인구_-20%,유동인구 -20% 조정,유동인구,-20%,양지동,-0.5389,45,45,0
유동인구_-20%,유동인구 -20% 조정,유동인구,-20%,복정동,-0.1636,27,28,1
유동인구_-20%,유동인구 -20% 조정,유동인구,-20%,위례동,1.3011,1,1,0
유동인구_-20%,유동인구 -20% 조정,유동인구,-20%,신촌동,-0.8038,50,49,-1
유동인구_-20%,유동인구 -20% 조정,유동인구,-20%,고등동,-0.6056,46,46,0
유동인구_-20%,유동인구 -20% 조정,유동인구,-20%,시흥동,-0.7557,48,50,2
유동인구_-20%,유동인구 -20% 조정,유동인구,-20%,성남동,0.7801,4,4,0
유동인구_-20%,유동인구 -20% 조정,유동인구,-20%,중앙동,-0.0084,22,22,0
유동인구_-20%,유동인구 -20% 조정,유동인구,-20%,금광1동,0.0838,19,19,0
유동인구_-20%,유동인구 -20% 조정,유동인구,-20%,금광2동,0.4801,8,8,0
유동인구_-20%,유동인구 -20% 조정,유동인구,-20%,은행1동,-0.4922,44,44,0
유동인구_-20%,유동인구 -20% 조정,유동인구,-20%,은행2동,0.1791,17,17,0
유동인구_-20%,유동인구 -20% 조정,유동인구,-20%,상대원1동,0.5251,7,7,0
유동인구_-20%,유동인구 -20% 조정,유동인구,-20%,상대원2동,-0.7906,49,48,-1
유동인구_-20%,유동인구 -20% 조정,유동인구,-20%,상대원3동,-0.418,41,41,0
유동인구_-20%,유동인구 -20% 조정,유동인구,-20%,하대원동,0.0482,21,21,0
유동인구_-20%,유동인구 -20% 조정,유동인구,-20%,도촌동,0.3001,16,15,-1
유동인구_-20%,유동인구 -20% 조정,유동인구,-20%,분당동,0.3996,12,11,-1
유동인구_-20%,유동인구 -20% 조정,유동인구,-20%,수내1동,-0.1984,29,32,3
유동인구_-20%,유동인구 -20% 조정,유동인구,-20%,수내2동,-0.4033,40,40,0
유동인구_-20%,유동인구 -20% 조정,유동인구,-20%,수내3동,-0.1464,26,25,-1
유동인구_-20%,유동인구 -20% 조정,유동인구,-20%,정자동,-0.2815,34,34,0
유동인구_-20%,유동인구 -20% 조정,유동인구,-20%,정자1동,0.6898,6,6,0
유동인구_-20%,유동인구 -20% 조정,유동인구,-20%,정자2동,-0.2213,31,29,-2
유동인구_-20%,유동인구 -20% 조정,유동인구,-20%,정자3동,0.0728,20,20,0
유동인구_-20%,유동인구 -20% 조정,유동인구,-20%,서현1동,0.3381,14,16,2
유동인구_-20%,유동인구 -20% 조정,유동인구,-20%,서현2동,0.1345,18,18,0
유동인구_-20%,유동인구 -20% 조정,유동인구,-20%,이매1동,0.3595,13,13,0
유동인구_-20%,유동인구 -20% 조정,유동인구,-20%,이매2동,-0.4269,42,42,0
유동인구_-20%,유동인구 -20% 조정,유동인구,-20%,야탑1동,-0.2269,32,33,1
유동인구_-20%,유동인구 -20% 조정,유동인구,-20%,야탑2동,-0.3171,37,37,0
유동인구_-20%,유동인구 -20% 조정,유동인구,-20%,야탑3동,0.4633,9,9,0
유동인구_-20%,유동인구 -20% 조정,유동인구,-20%,판교동,0.4473,10,10,0
유동인구_-20%,유동인구 -20% 조정,유동인구,-20%,삼평동,-0.0374,23,24,1
유동인구_-20%,유동인구 -20% 조정,유동인구,-20%,백현동,0.3342,15,14,-1
유동인구_-20%,유동인구 -20% 조정,유동인구,-20%,금곡동,0.7661,5,5,0
유동인구_-20%,유동인구 -20% 조정,유동인구,-20%,구미1동,-0.1361,25,26,1
유동인구_-20%,유동인구 -20% 조정,유동인구,-20%,구미동,0.4309,11,12,1
유동인구_-20%,유동인구 -20% 조정,유동인구,-20%,운중동,1.0934,2,2,0
상권활성도_+10%,상권활성도 +10% 조정,상권활성도,+10%,신흥1동,-0.285,36,35,-1
상권활성도_+10%,상권활성도 +10% 조정,상권활성도,+10%,신흥2동,1.001,3,3,0
상권활성도_+10%,상권활성도 +10% 조정,상권활성도,+10%,신흥3동,-0.4596,43,43,0
상권활성도_+10%,상권활성도 +10% 조정,상권활성도,+10%,태평1동,-0.1664,27,27,0
상권활성도_+10%,상권활성도 +10% 조정,상권활성도,+10%,태평2동,-0.2226,31,31,0
상권활성도_+10%,상권활성도 +10% 조정,상권활성도,+10%,태평3동,-0.2805,34,36,2
상권활성도_+10%,상권활성도 +10% 조정,상권활성도,+10%,태평4동,-0.3551,39,39,0
상권활성도_+10%,상권활성도 +10% 조정,상권활성도,+10%,수진1동,-0.3364,38,38,0
상권활성도_+10%,상권활성도 +10% 조정,상권활성도,+10%,수진2동,-0.0872,23,23,0
상권활성도_+10%,상권활성도 +10% 조정,상권활성도,+10%,단대동,-0.2008,30,30,0
상권활성도_+10%,상권활성도 +10% 조정,상권활성도,+10%,산성동,-0.6859,47,47,0
상권활성도_+10%,상권활성도 +10% 조정,상권활성도,+10%,양지동,-0.5203,45,45,0
상권활성도_+10%,상권활성도 +10% 조정,상권활성도,+10%,복정동,-0.1889,28,28,0
상권활성도_+10%,상권활성도 +10% 조정,상권활성도,+10%,위례동,1.2686,1,1,0
상권활성도_+10%,상권활성도 +10% 조정,상권활성도,+10%,신촌동,-0.7864,50,49,-1
상권활성도_+10%,상권활성도 +10% 조정,상권활성도,+10%,고등동,-0.6316,46,46,0
상권활성도_+10%,상권활성도 +10% 조정,상권활성도,+10%,시흥동,-0.7855,49,50,1
상권활성도_+10%,상권활성도 +10% 조정,상권활성도,+10%,성남동,0.7499,5,4,-1
상권활성도_+10%,상권활성도 +10% 조정,상권활성도,+10%,중앙동,0.0099,22,22,0
상권활성도_+10%,상권활성도 +10% 조정,상권활성도,+10%,금광1동,0.1056,19,19,0
상권활성도_+10%,상권활성도 +10% 조정,상권활성도,+10%,금광2동,0.4976,8,8,0
상권활성도_+10%,상권활성도 +10% 조정,상권활성도,+10%,은행1동,-0.469,44,44,0
상권활성도_+10%,상권활성도 +10% 조정,상권활성도,+10%,은행2동,0.1969,17,17,0
상권활성도_+10%,상권활성도 +10% 조정,상권활성도,+10%,상대원1동,0.5229,7,7,0
상권활성도_+10%,상권활성도 +10% 조정,상권활성도,+10%,상대원2동,-0.7713,48,48,0
상권활성도_+10%,상권활성도 +10% 조정,상권활성도,+10%,상대원3동,-0.3963,41,41,0
상권활성도_+10%,상권활성도 +10% 조정,상권활성도,+10%,하대원동,0.0579,21,21,0
상권활성도_+10%,상권활성도 +10% 조정,상권활성도,+10%,도촌동,0.2814,15,15,0
상권활성도_+10%,상권활성도 +10% 조정,상권활성도,+10%,분당동,0.4056,12,11,-1
상권활성도_+10%,상권활성도 +10% 조정,상권활성도,+10%,수내1동,-0.2313,32,32,0
상권활성도_+10%,상권활성도 +10% 조정,상권활성도,+10%,수내2동,-0.3871,40,40,0
상권활성도_+10%,상권활성도 +10% 조정,상권활성도,+10%,수내3동,-0.131,25,25,0
상권활성도_+10%,상권활성도 +10% 조정,상권활성도,+10%,정자동,-0.266,33,34,1
상권활성도_+10%,상권활성도 +10% 조정,상권활성도,+10%,정자1동,0.6402,6,6,0
상권활성도_+10%,상권활성도 +10% 조정,상권활성도,+10%,정자2동,-0.1998,29,29,0
상권활성도_+10%,상권활성도 +10% 조정,상권활성도,+10%,정자3동,0.0903,20,20,0
상권활성도_+10%,상권활성도 +10% 조정,상권활성도,+10%,서현1동,0.2722,16,16,0
상권활성도_+10%,상권활성도 +10% 조정,상권활성도,+10%,서현2동,0.1507,18,18,0
상권활성도_+10%,상권활성도 +10% 조정,상권활성도,+10%,이매1동,0.3684,13,13,0
상권활성도_+10%,상권활성도 +10% 조정,상권활성도,+10%,이매2동,-0.4124,42,42,0
상권활성도_+10%,상권활성도 +10% 조정,상권활성도,+10%,야탑1동,-0.2808,35,33,-2
상권활성도_+10%,상권활성도 +10% 조정,상권활성도,+10%,야탑2동,-0.3021,37,37,0
상권활성도_+10%,상권활성도 +10% 조정,상권활성도,+10%,야탑3동,0.475,9,9,0
상권활성도_+10%,상권활성도 +10% 조정,상권활성도,+10%,판교동,0.4343,10,10,0
상권활성도_+10%,상권활성도 +10% 조정,상권활성도,+10%,삼평동,-0.1174,24,24,0
상권활성도_+10%,상권활성도 +10% 조정,상권활성도,+10%,백현동,0.3128,14,14,0
상권활성도_+10%,상권활성도 +10% 조정,상권활성도,+10%,금곡동,0.7811,4,5,1
상권활성도_+10%,상권활성도 +10% 조정,상권활성도,+10%,구미1동,-0.1491,26,26,0
상권활성도_+10%,상권활성도 +10% 조정,상권활성도,+10%,구미동,0.409,11,12,1
상권활성도_+10%,상권활성도 +10% 조정,상권활성도,+10%,운중동,1.0744,2,2,0
상권활성도_+20%,상권활성도 +20% 조정,상권활성도,+20%,신흥1동,-0.2898,36,35,-1
상권활성도_+20%,상권활성도 +20% 조정,상권활성도,+20%,신흥2동,1.008,3,3,0
상권활성도_+20%,상권활성도 +20% 조정,상권활성도,+20%,신흥3동,-0.4642,43,43,0
상권활성도_+20%,상권활성도 +20% 조정,상권활성도,+20%,태평1동,-0.1646,27,27,0
상권활성도_+20%,상권활성도 +20% 조정,상권활성도,+20%,태평2동,-0.2273,31,31,0
상권활성도_+20%,상권활성도 +20% 조정,상권활성도,+20%,태평3동,-0.279,34,36,2
상권활성도_+20%,상권활성도 +20% 조정,상권활성도,+20%,태평4동,-0.3598,39,39,0
상권활성도_+20%,상권활성도 +20% 조정,상권활성도,+20%,수진1동,-0.341,38,38,0
상권활성도_+20%,상권활성도 +20% 조정,상권활성도,+20%,수진2동,-0.0862,23,23,0
상권활성도_+20%,상권활성도 +20% 조정,상권활성도,+20%,단대동,-0.2056,30,30,0
상권활성도_+20%,상권활성도 +20% 조정,상권활성도,+20%,산성동,-0.6906,47,47,0
상권활성도_+20%,상권활성도 +20% 조정,상권활성도,+20%,양지동,-0.5251,45,45,0
상권활성도_+20%,상권활성도 +20% 조정,상권활성도,+20%,복정동,-0.1937,28,28,0
상권활성도_+20%,상권활성도 +20% 조정,상권활성도,+20%,위례동,1.2853,1,1,0
상권활성도_+20%,상권활성도 +20% 조정,상권활성도,+20%,신촌동,-0.7912,50,49,-1
상권활성도_+20%,상권활성도 +20% 조정,상권활성도,+20%,고등동,-0.6364,46,46,0
상권활성도_+20%,상권활성도 +20% 조정,상권활성도,+20%,시흥동,-0.7805,49,50,1
상권활성도_+20%,상권활성도 +20% 조정,상권활성도,+20%,성남동,0.751,5,4,-1
상권활성도_+20%,상권활성도 +20% 조정,상권활성도,+20%,중앙동,0.0052,22,22,0
상권활성도_+20%,상권활성도 +20% 조정,상권활성도,+20%,금광1동,0.106,19,19,0
상권활성도_+20%,상권활성도 +20% 조정,상권활성도,+20%,금광2동,0.4979,8,8,0
상권활성도_+20%,상권활성도 +20% 조정,상권활성도,+20%,은행1동,-0.4738,44,44,0
상권활성도_+20%,상권활성도 +20% 조정,상권활성도,+20%,은행2동,0.1922,17,17,0
상권활성도_+20%,상권활성도 +20% 조정,상권활성도,+20%,상대원1동,0.5224,7,7,0
상권활성도_+20%,상권활성도 +20% 조정,상권활성도,+20%,상대원2동,-0.7762,48,48,0
상권활성도_+20%,상권활성도 +20% 조정,상권활성도,+20%,상대원3동,-0.4011,41,41,0
상권활성도_+20%,상권활성도 +20% 조정,상권활성도,+20%,하대원동,0.0532,21,21,0
상권활성도_+20%,상권활성도 +20% 조정,상권활성도,+20%,도촌동,0.2843,15,15,0
상권활성도_+20%,상권활성도 +20% 조정,상권활성도,+20%,분당동,0.4008,12,11,-1
상권활성도_+20%,상권활성도 +20% 조정,상권활성도,+20%,수내1동,-0.236,32,32,0
상권활성도_+20%,상권활성도 +20% 조정,상권활성도,+20%,수내2동,-0.3918,40,40,0
상권활성도_+20%,상권활성도 +20% 조정,상권활성도,+20%,수내3동,-0.1357,25,25,0
상권활성도_+20%,상권활성도 +20% 조정,상권활성도,+20%,정자동,-0.2558,33,34,1
상권활성도_+20%,상권활성도 +20% 조정,상권활성도,+20%,정자1동,0.6444,6,6,0
상권활성도_+20%,상권활성도 +20% 조정,상권활성도,+20%,정자2동,-0.2045,29,29,0
상권활성도_+20%,상권활성도 +20% 조정,상권활성도,+20%,정자3동,0.0855,20,20,0
상권활성도_+20%,상권활성도 +20% 조정,상권활성도,+20%,서현1동,0.28,16,16,0
상권활성도_+20%,상권활성도 +20% 조정,상권활성도,+20%,서현2동,0.1563,18,18,0
상권활성도_+20%,상권활성도 +20% 조정,상권활성도,+20%,이매1동,0.3636,13,13,0
상권활성도_+20%,상권활성도 +20% 조정,상권활성도,+20%,이매2동,-0.4172,42,42,0
상권활성도_+20%,상권활성도 +20% 조정,상권활성도,+20%,야탑1동,-0.2856,35,33,-2
상권활성도_+20%,상권활성도 +20% 조정,상권활성도,+20%,야탑2동,-0.3068,37,37,0
상권활성도_+20%,상권활성도 +20% 조정,상권활성도,+20%,야탑3동,0.4703,9,9,0
상권활성도_+20%,상권활성도 +20% 조정,상권활성도,+20%,판교동,0.4458,10,10,0
상권활성도_+20%,상권활성도 +20% 조정,상권활성도,+20%,삼평동,-0.122,24,24,0
상권활성도_+20%,상권활성도 +20% 조정,상권활성도,+20%,백현동,0.3214,14,14,0
상권활성도_+20%,상권활성도 +20% 조정,상권활성도,+20%,금곡동,0.8246,4,5,1
상권활성도_+20%,상권활성도 +20% 조정,상권활성도,+20%,구미1동,-0.1538,26,26,0
상권활성도_+20%,상권활성도 +20% 조정,상권활성도,+20%,구미동,0.413,11,12,1
상권활성도_+20%,상권활성도 +20% 조정,상권활성도,+20%,운중동,1.084,2,2,0
상권활성도_-10%,상권활성도 -10% 조정,상권활성도,-10%,신흥1동,-0.2753,34,35,1
상권활성도_-10%,상권활성도 -10% 조정,상권활성도,-10%,신흥2동,0.987,3,3,0
상권활성도_-10%,상권활성도 -10% 조정,상권활성도,-10%,신흥3동,-0.4505,43,43,0
상권활성도_-10%,상권활성도 -10% 조정,상권활성도,-10%,태평1동,-0.1699,27,27,0
상권활성도_-10%,상권활성도 -10% 조정,상권활성도,-10%,태평2동,-0.2132,31,31,0
상권활성도_-10%,상권활성도 -10% 조정,상권활성도,-10%,태평3동,-0.2833,35,36,1
상권활성도_-10%,상권활성도 -10% 조정,상권활성도,-10%,태평4동,-0.3455,39,39,0
상권활성도_-10%,상권활성도 -10% 조정,상권활성도,-10%,수진1동,-0.3271,38,38,0
상권활성도_-10%,상권활성도 -10% 조정,상권활성도,-10%,수진2동,-0.0892,23,23,0
상권활성도_-10%,상권활성도 -10% 조정,상권활성도,-10%,단대동,-0.1913,30,30,0
상권활성도_-10%,상권활성도 -10% 조정,상권활성도,-10%,산성동,-0.6764,47,47,0
상권활성도_-10%,상권활성도 -10% 조정,상권활성도,-10%,양지동,-0.5108,45,45,0
상권활성도_-10%,상권활성도 -10% 조정,상권활성도,-10%,복정동,-0.1794,28,28,0
상권활성도_-10%,상권활성도 -10% 조정,상권활성도,-10%,위례동,1.2353,1,1,0
상권활성도_-10%,상권활성도 -10% 조정,상권활성도,-10%,신촌동,-0.7768,49,49,0
상권활성도_-10%,상권활성도 -10% 조정,상권활성도,-10%,고등동,-0.6221,46,46,0
상권활성도_-10%,상권활성도 -10% 조정,상권활성도,-10%,시흥동,-0.7955,50,50,0
상권활성도_-10%,상권활성도 -10% 조정,상권활성도,-10%,성남동,0.7476,4,4,0
상권활성도_-10%,상권활성도 -10% 조정,상권활성도,-10%,중앙동,0.0193,22,22,0
상권활성도_-10%,상권활성도 -10% 조정,상권활성도,-10%,금광1동,0.1048,19,19,0
상권활성도_-10%,상권활성도 -10% 조정,상권활성도,-10%,금광2동,0.4969,8,8,0
상권활성도_-10%,상권활성도 -10% 조정,상권활성도,-10%,은행1동,-0.4594,44,44,0
상권활성도_-10%,상권활성도 -10% 조정,상권활성도,-10%,은행2동,0.2063,17,17,0
상권활성도_-10%,상권활성도 -10% 조정,상권활성도,-10%,상대원1동,0.5241,7,7,0
상권활성도_-10%,상권활성도 -10% 조정,상권활성도,-10%,상대원2동,-0.7617,48,48,0
상권활성도_-10%,상권활성도 -10% 조정,상권활성도,-10%,상대원3동,-0.3869,41,41,0
상권활성도_-10%,상권활성도 -10% 조정,상권활성도,-10%,하대원동,0.0674,21,21,0
상권활성도_-10%,상권활성도 -10% 조정,상권활성도,-10%,도촌동,0.2756,15,15,0
상권활성도_-10%,상권활성도 -10% 조정,상권활성도,-10%,분당동,0.4151,10,11,1
상권활성도_-10%,상권활성도 -10% 조정,상권활성도,-10%,수내1동,-0.2219,32,32,0
상권활성도_-10%,상권활성도 -10% 조정,상권활성도,-10%,수내2동,-0.3777,40,40,0
상권활성도_-10%,상권활성도 -10% 조정,상권활성도,-10%,수내3동,-0.1216,25,25,0
상권활성도_-10%,상권활성도 -10% 조정,상권활성도,-10%,정자동,-0.2865,36,34,-2
상권활성도_-10%,상권활성도 -10% 조정,상권활성도,-10%,정자1동,0.6319,6,6,0
상권활성도_-10%,상권활성도 -10% 조정,상권활성도,-10%,정자2동,-0.1903,29,29,0
상권활성도_-10%,상권활성도 -10% 조정,상권활성도,-10%,정자3동,0.0999,20,20,0
상권활성도_-10%,상권활성도 -10% 조정,상권활성도,-10%,서현1동,0.2565,16,16,0
상권활성도_-10%,상권활성도 -10% 조정,상권활성도,-10%,서현2동,0.1395,18,18,0
상권활성도_-10%,상권활성도 -10% 조정,상권활성도,-10%,이매1동,0.378,13,13,0
상권활성도_-10%,상권활성도 -10% 조정,상권활성도,-10%,이매2동,-0.4029,42,42,0
상권활성도_-10%,상권활성도 -10% 조정,상권활성도,-10%,야탑1동,-0.2714,33,33,0
상권활성도_-10%,상권활성도 -10% 조정,상권활성도,-10%,야탑2동,-0.2928,37,37,0
상권활성도_-10%,상권활성도 -10% 조정,상권활성도,-10%,야탑3동,0.4845,9,9,0
상권활성도_-10%,상권활성도 -10% 조정,상권활성도,-10%,판교동,0.4113,11,10,-1
상권활성도_-10%,상권활성도 -10% 조정,상권활성도,-10%,삼평동,-0.1082,24,24,0
상권활성도_-10%,상권활성도 -10% 조정,상권활성도,-10%,백현동,0.2957,14,14,0
상권활성도_-10%,상권활성도 -10% 조정,상권활성도,-10%,금곡동,0.6943,5,5,0
상권활성도_-10%,상권활성도 -10% 조정,상권활성도,-10%,구미1동,-0.1395,26,26,0
상권활성도_-10%,상권활성도 -10% 조정,상권활성도,-10%,구미동,0.401,12,12,0
상권활성도_-10%,상권활성도 -10% 조정,상권활성도,-10%,운중동,1.055,2,2,0
상권활성도_-20%,상권활성도 -20% 조정,상권활성도,-20%,신흥1동,-0.2705,34,35,1
상권활성도_-20%,상권활성도 -20% 조정,상권활성도,-20%,신흥2동,0.98,3,3,0
상권활성도_-20%,상권활성도 -20% 조정,상권활성도,-20%,신흥3동,-0.4459,43,43,0
상권활성도_-20%,상권활성도 -20% 조정,상권활성도,-20%,태평1동,-0.1716,27,27,0
상권활성도_-20%,상권활성도 -20% 조정,상권활성도,-20%,태평2동,-0.2085,31,31,0
상권활성도_-20%,상권활성도 -20% 조정,상권활성도,-20%,태평3동,-0.2848,35,36,1
상권활성도_-20%,상권활성도 -20% 조정,상권활성도,-20%,태평4동,-0.3407,39,39,0
상권활성도_-20%,상권활성도 -20% 조정,상권활성도,-20%,수진1동,-0.3224,38,38,0
상권활성도_-20%,상권활성도 -20% 조정,상권활성도,-20%,수진2동,-0.0902,23,23,0
상권활성도_-20%,상권활성도 -20% 조정,상권활성도,-20%,단대동,-0.1865,30,30,0
상권활성도_-20%,상권활성도 -20% 조정,상권활성도,-20%,산성동,-0.6716,47,47,0
상권활성도_-20%,상권활성도 -20% 조정,상권활성도,-20%,양지동,-0.506,45,45,0
상권활성도_-20%,상권활성도 -20% 조정,상권활성도,-20%,복정동,-0.1746,28,28,0
상권활성도_-20%,상권활성도 -20% 조정,상권활성도,-20%,위례동,1.2186,1,1,0
상권활성도_-20%,상권활성도 -20% 조정,상권활성도,-20%,신촌동,-0.772,49,49,0
상권활성도_-20%,상권활성도 -20% 조정,상권활성도,-20%,고등동,-0.6174,46,46,0
상권활성도_-20%,상권활성도 -20% 조정,상권활성도,-20%,시흥동,-0.8005,50,50,0
상권활성도_-20%,상권활성도 -20% 조정,상권활성도,-20%,성남동,0.7465,4,4,0
상권활성도_-20%,상권활성도 -20% 조정,상권활성도,-20%,중앙동,0.024,22,22,0
상권활성도_-20%,상권활성도 -20% 조정,상권활성도,-20%,금광1동,0.1044,20,19,-1
상권활성도_-20%,상권활성도 -20% 조정,상권활성도,-20%,금광2동,0.4966,8,8,0
상권활성도_-20%,상권활성도 -20% 조정,상권활성도,-20%,은행1동,-0.4546,44,44,0
상권활성도_-20%,상권활성도 -20% 조정,상권활성도,-20%,은행2동,0.211,17,17,0
상권활성도_-20%,상권활성도 -20% 조정,상권활성도,-20%,상대원1동,0.5246,7,7,0
상권활성도_-20%,상권활성도 -20% 조정,상권활성도,-20%,상대원2동,-0.7569,48,48,0
상권활성도_-20%,상권활성도 -20% 조정,상권활성도,-20%,상대원3동,-0.3822,41,41,0
상권활성도_-20%,상권활성도 -20% 조정,상권활성도,-20%,하대원동,0.0721,21,21,0
상권활성도_-20%,상권활성도 -20% 조정,상권활성도,-20%,도촌동,0.2727,15,15,0
상권활성도_-20%,상권활성도 -20% 조정,상권활성도,-20%,분당동,0.4199,10,11,1
상권활성도_-20%,상권활성도 -20% 조정,상권활성도,-20%,수내1동,-0.2172,32,32,0
상권활성도_-20%,상권활성도 -20% 조정,상권활성도,-20%,수내2동,-0.373,40,40,0
상권활성도_-20%,상권활성도 -20% 조정,상권활성도,-20%,수내3동,-0.1169,25,25,0
상권활성도_-20%,상권활성도 -20% 조정,상권활성도,-20%,정자동,-0.2967,37,34,-3
상권활성도_-20%,상권활성도 -20% 조정,상권활성도,-20%,정자1동,0.6277,6,6,0
상권활성도_-20%,상권활성도 -20% 조정,상권활성도,-20%,정자2동,-0.1856,29,29,0
상권활성도_-20%,상권활성도 -20% 조정,상권활성도,-20%,정자3동,0.1047,19,20,1
상권활성도_-20%,상권활성도 -20% 조정,상권활성도,-20%,서현1동,0.2487,16,16,0
상권활성도_-20%,상권활성도 -20% 조정,상권활성도,-20%,서현2동,0.1339,18,18,0
상권활성도_-20%,상권활성도 -20% 조정,상권활성도,-20%,이매1동,0.3828,13,13,0
상권활성도_-20%,상권활성도 -20% 조정,상권활성도,-20%,이매2동,-0.3981,42,42,0
상권활성도_-20%,상권활성도 -20% 조정,상권활성도,-20%,야탑1동,-0.2666,33,33,0
상권활성도_-20%,상권활성도 -20% 조정,상권활성도,-20%,야탑2동,-0.2881,36,37,1
상권활성도_-20%,상권활성도 -20% 조정,상권활성도,-20%,야탑3동,0.4892,9,9,0
상권활성도_-20%,상권활성도 -20% 조정,상권활성도,-20%,판교동,0.3998,11,10,-1
상권활성도_-20%,상권활성도 -20% 조정,상권활성도,-20%,삼평동,-0.1036,24,24,0
상권활성도_-20%,상권활성도 -20% 조정,상권활성도,-20%,백현동,0.2872,14,14,0
상권활성도_-20%,상권활성도 -20% 조정,상권활성도,-20%,금곡동,0.6509,5,5,0
상권활성도_-20%,상권활성도 -20% 조정,상권활성도,-20%,구미1동,-0.1348,26,26,0
상권활성도_-20%,상권활성도 -20% 조정,상권활성도,-20%,구미동,0.397,12,12,0
상권활성도_-20%,상권활성도 -20% 조정,상권활성도,-20%,운중동,1.0453,2,2,0
교통편의도_+10%,교통편의도 +10% 조정,교통편의도,+10%,신흥1동,-0.289,35,35,0
교통편의도_+10%,교통편의도 +10% 조정,교통편의도,+10%,신흥2동,0.9891,3,3,0
교통편의도_+10%,교통편의도 +10% 조정,교통편의도,+10%,신흥3동,-0.4613,43,43,0
교통편의도_+10%,교통편의도 +10% 조정,교통편의도,+10%,태평1동,-0.173,28,27,-1
교통편의도_+10%,교통편의도 +10% 조정,교통편의도,+10%,태평2동,-0.2211,31,31,0
교통편의도_+10%,교통편의도 +10% 조정,교통편의도,+10%,태평3동,-0.2921,36,36,0
교통편의도_+10%,교통편의도 +10% 조정,교통편의도,+10%,태평4동,-0.3591,39,39,0
교통편의도_+10%,교통편의도 +10% 조정,교통편의도,+10%,수진1동,-0.3371,38,38,0
교통편의도_+10%,교통편의도 +10% 조정,교통편의도,+10%,수진2동,-0.0931,23,23,0
교통편의도_+10%,교통편의도 +10% 조정,교통편의도,+10%,단대동,-0.1979,29,30,1
교통편의도_+10%,교통편의도 +10% 조정,교통편의도,+10%,산성동,-0.6869,47,47,0
교통편의도_+10%,교통편의도 +10% 조정,교통편의도,+10%,양지동,-0.5235,45,45,0
교통편의도_+10%,교통편의도 +10% 조정,교통편의도,+10%,복정동,-0.1648,27,28,1
교통편의도_+10%,교통편의도 +10% 조정,교통편의도,+10%,위례동,1.2413,1,1,0
교통편의도_+10%,교통편의도 +10% 조정,교통편의도,+10%,신촌동,-0.7896,50,49,-1
교통편의도_+10%,교통편의도 +10% 조정,교통편의도,+10%,고등동,-0.6278,46,46,0
교통편의도_+10%,교통편의도 +10% 조정,교통편의도,+10%,시흥동,-0.7752,49,50,1
교통편의도_+10%,교통편의도 +10% 조정,교통편의도,+10%,성남동,0.7548,4,4,0
교통편의도_+10%,교통편의도 +10% 조정,교통편의도,+10%,중앙동,0.0088,22,22,0
교통편의도_+10%,교통편의도 +10% 조정,교통편의도,+10%,금광1동,0.106,19,19,0
교통편의도_+10%,교통편의도 +10% 조정,교통편의도,+10%,금광2동,0.4963,8,8,0
교통편의도_+10%,교통편의도 +10% 조정,교통편의도,+10%,은행1동,-0.4752,44,44,0
교통편의도_+10%,교통편의도 +10% 조정,교통편의도,+10%,은행2동,0.2042,17,17,0
교통편의도_+10%,교통편의도 +10% 조정,교통편의도,+10%,상대원1동,0.5419,7,7,0
교통편의도_+10%,교통편의도 +10% 조정,교통편의도,+10%,상대원2동,-0.7688,48,48,0
교통편의도_+10%,교통편의도 +10% 조정,교통편의도,+10%,상대원3동,-0.4014,41,41,0
교통편의도_+10%,교통편의도 +10% 조정,교통편의도,+10%,하대원동,0.0577,21,21,0
교통편의도_+10%,교통편의도 +10% 조정,교통편의도,+10%,도촌동,0.2912,15,15,0
교통편의도_+10%,교통편의도 +10% 조정,교통편의도,+10%,분당동,0.42,11,11,0
교통편의도_+10%,교통편의도 +10% 조정,교통편의도,+10%,수내1동,-0.2284,32,32,0
교통편의도_+10%,교통편의도 +10% 조정,교통편의도,+10%,수내2동,-0.3877,40,40,0
교통편의도_+10%,교통편의도 +10% 조정,교통편의도,+10%,수내3동,-0.129,25,25,0
교통편의도_+10%,교통편의도 +10% 조정,교통편의도,+10%,정자동,-0.2873,34,34,0
교통편의도_+10%,교통편의도 +10% 조정,교통편의도,+10%,정자1동,0.6439,6,6,0
교통편의도_+10%,교통편의도 +10% 조정,교통편의도,+10%,정자2동,-0.203,30,29,-1
교통편의도_+10%,교통편의도 +10% 조정,교통편의도,+10%,정자3동,0.092,20,20,0
교통편의도_+10%,교통편의도 +10% 조정,교통편의도,+10%,서현1동,0.2748,16,16,0
교통편의도_+10%,교통편의도 +10% 조정,교통편의도,+10%,서현2동,0.142,18,18,0
교통편의도_+10%,교통편의도 +10% 조정,교통편의도,+10%,이매1동,0.3767,13,13,0
교통편의도_+10%,교통편의도 +10% 조정,교통편의도,+10%,이매2동,-0.4147,42,42,0
교통편의도_+10%,교통편의도 +10% 조정,교통편의도,+10%,야탑1동,-0.2744,33,33,0
교통편의도_+10%,교통편의도 +10% 조정,교통편의도,+10%,야탑2동,-0.3014,37,37,0
교통편의도_+10%,교통편의도 +10% 조정,교통편의도,+10%,야탑3동,0.4916,9,9,0
교통편의도_+10%,교통편의도 +10% 조정,교통편의도,+10%,판교동,0.4241,10,10,0
교통편의도_+10%,교통편의도 +10% 조정,교통편의도,+10%,삼평동,-0.1023,24,24,0
교통편의도_+10%,교통편의도 +10% 조정,교통편의도,+10%,백현동,0.3082,14,14,0
교통편의도_+10%,교통편의도 +10% 조정,교통편의도,+10%,금곡동,0.7386,5,5,0
교통편의도_+10%,교통편의도 +10% 조정,교통편의도,+10%,구미1동,-0.136,26,26,0
교통편의도_+10%,교통편의도 +10% 조정,교통편의도,+10%,구미동,0.4169,12,12,0
교통편의도_+10%,교통편의도 +10% 조정,교통편의도,+10%,운중동,1.0809,2,2,0
교통편의도_+20%,교통편의도 +20% 조정,교통편의도,+20%,신흥1동,-0.2979,34,35,1
교통편의도_+20%,교통편의도 +20% 조정,교통편의도,+20%,신흥2동,0.9842,3,3,0
교통편의도_+20%,교통편의도 +20% 조정,교통편의도,+20%,신흥3동,-0.4675,43,43,0
교통편의도_+20%,교통편의도 +20% 조정,교통편의도,+20%,태평1동,-0.1779,28,27,-1
교통편의도_+20%,교통편의도 +20% 조정,교통편의도,+20%,태평2동,-0.2242,31,31,0
교통편의도_+20%,교통편의도 +20% 조정,교통편의도,+20%,태평3동,-0.3023,36,36,0
교통편의도_+20%,교통편의도 +20% 조정,교통편의도,+20%,태평4동,-0.368,39,39,0
교통편의도_+20%,교통편의도 +20% 조정,교통편의도,+20%,수진1동,-0.3424,38,38,0
교통편의도_+20%,교통편의도 +20% 조정,교통편의도,+20%,수진2동,-0.098,24,23,-1
교통편의도_+20%,교통편의도 +20% 조정,교통편의도,+20%,단대동,-0.1997,29,30,1
교통편의도_+20%,교통편의도 +20% 조정,교통편의도,+20%,산성동,-0.6927,47,47,0
교통편의도_+20%,교통편의도 +20% 조정,교통편의도,+20%,양지동,-0.5315,45,45,0
교통편의도_+20%,교통편의도 +20% 조정,교통편의도,+20%,복정동,-0.1455,27,28,1
교통편의도_+20%,교통편의도 +20% 조정,교통편의도,+20%,위례동,1.2307,1,1,0
교통편의도_+20%,교통편의도 +20% 조정,교통편의도,+20%,신촌동,-0.7976,50,49,-1
교통편의도_+20%,교통편의도 +20% 조정,교통편의도,+20%,고등동,-0.6288,46,46,0
교통편의도_+20%,교통편의도 +20% 조정,교통편의도,+20%,시흥동,-0.7598,48,50,2
교통편의도_+20%,교통편의도 +20% 조정,교통편의도,+20%,성남동,0.761,4,4,0
교통편의도_+20%,교통편의도 +20% 조정,교통편의도,+20%,중앙동,0.003,22,22,0
교통편의도_+20%,교통편의도 +20% 조정,교통편의도,+20%,금광1동,0.1069,19,19,0
교통편의도_+20%,교통편의도 +20% 조정,교통편의도,+20%,금광2동,0.4954,9,8,-1
교통편의도_+20%,교통편의도 +20% 조정,교통편의도,+20%,은행1동,-0.4863,44,44,0
교통편의도_+20%,교통편의도 +20% 조정,교통편의도,+20%,은행2동,0.2068,17,17,0
교통편의도_+20%,교통편의도 +20% 조정,교통편의도,+20%,상대원1동,0.5604,7,7,0
교통편의도_+20%,교통편의도 +20% 조정,교통편의도,+20%,상대원2동,-0.7711,49,48,-1
교통편의도_+20%,교통편의도 +20% 조정,교통편의도,+20%,상대원3동,-0.4111,41,41,0
교통편의도_+20%,교통편의도 +20% 조정,교통편의도,+20%,하대원동,0.0528,21,21,0
교통편의도_+20%,교통편의도 +20% 조정,교통편의도,+20%,도촌동,0.3039,15,15,0
교통편의도_+20%,교통편의도 +20% 조정,교통편의도,+20%,분당동,0.4296,10,11,1
교통편의도_+20%,교통편의도 +20% 조정,교통편의도,+20%,수내1동,-0.2302,32,32,0
교통편의도_+20%,교통편의도 +20% 조정,교통편의도,+20%,수내2동,-0.3931,40,40,0
교통편의도_+20%,교통편의도 +20% 조정,교통편의도,+20%,수내3동,-0.1316,26,25,-1
교통편의도_+20%,교통편의도 +20% 조정,교통편의도,+20%,정자동,-0.2984,35,34,-1
교통편의도_+20%,교통편의도 +20% 조정,교통편의도,+20%,정자1동,0.6518,6,6,0
교통편의도_+20%,교통편의도 +20% 조정,교통편의도,+20%,정자2동,-0.211,30,29,-1
교통편의도_+20%,교통편의도 +20% 조정,교통편의도,+20%,정자3동,0.0889,20,20,0
교통편의도_+20%,교통편의도 +20% 조정,교통편의도,+20%,서현1동,0.2854,16,16,0
교통편의도_+20%,교통편의도 +20% 조정,교통편의도,+20%,서현2동,0.1388,18,18,0
교통편의도_+20%,교통편의도 +20% 조정,교통편의도,+20%,이매1동,0.3801,13,13,0
교통편의도_+20%,교통편의도 +20% 조정,교통편의도,+20%,이매2동,-0.4218,42,42,0
교통편의도_+20%,교통편의도 +20% 조정,교통편의도,+20%,야탑1동,-0.2727,33,33,0
교통편의도_+20%,교통편의도 +20% 조정,교통편의도,+20%,야탑2동,-0.3055,37,37,0
교통편의도_+20%,교통편의도 +20% 조정,교통편의도,+20%,야탑3동,0.5034,8,9,1
교통편의도_+20%,교통편의도 +20% 조정,교통편의도,+20%,판교동,0.4253,12,10,-2
교통편의도_+20%,교통편의도 +20% 조정,교통편의도,+20%,삼평동,-0.0918,23,24,1
교통편의도_+20%,교통편의도 +20% 조정,교통편의도,+20%,백현동,0.3121,14,14,0
교통편의도_+20%,교통편의도 +20% 조정,교통편의도,+20%,금곡동,0.7394,5,5,0
교통편의도_+20%,교통편의도 +20% 조정,교통편의도,+20%,구미1동,-0.1277,25,26,1
교통편의도_+20%,교통편의도 +20% 조정,교통편의도,+20%,구미동,0.4287,11,12,1
교통편의도_+20%,교통편의도 +20% 조정,교통편의도,+20%,운중동,1.0972,2,2,0
교통편의도_-10%,교통편의도 -10% 조정,교통편의도,-10%,신흥1동,-0.2713,34,35,1
교통편의도_-10%,교통편의도 -10% 조정,교통편의도,-10%,신흥2동,0.9989,3,3,0
교통편의도_-10%,교통편의도 -10% 조정,교통편의도,-10%,신흥3동,-0.4488,43,43,0
교통편의도_-10%,교통편의도 -10% 조정,교통편의도,-10%,태평1동,-0.1632,27,27,0
교통편의도_-10%,교통편의도 -10% 조정,교통편의도,-10%,태평2동,-0.2148,31,31,0
교통편의도_-10%,교통편의도 -10% 조정,교통편의도,-10%,태평3동,-0.2717,35,36,1
교통편의도_-10%,교통편의도 -10% 조정,교통편의도,-10%,태평4동,-0.3414,39,39,0
교통편의도_-10%,교통편의도 -10% 조정,교통편의도,-10%,수진1동,-0.3264,38,38,0
교통편의도_-10%,교통편의도 -10% 조정,교통편의도,-10%,수진2동,-0.0833,23,23,0
교통편의도_-10%,교통편의도 -10% 조정,교통편의도,-10%,단대동,-0.1943,29,30,1
교통편의도_-10%,교통편의도 -10% 조정,교통편의도,-10%,산성동,-0.6753,47,47,0
교통편의도_-10%,교통편의도 -10% 조정,교통편의도,-10%,양지동,-0.5076,45,45,0
교통편의도_-10%,교통편의도 -10% 조정,교통편의도,-10%,복정동,-0.2035,30,28,-2
교통편의도_-10%,교통편의도 -10% 조정,교통편의도,-10%,위례동,1.2626,1,1,0
교통편의도_-10%,교통편의도 -10% 조정,교통편의도,-10%,신촌동,-0.7736,49,49,0
교통편의도_-10%,교통편의도 -10% 조정,교통편의도,-10%,고등동,-0.6259,46,46,0
교통편의도_-10%,교통편의도 -10% 조정,교통편의도,-10%,시흥동,-0.8059,50,50,0
교통편의도_-10%,교통편의도 -10% 조정,교통편의도,-10%,성남동,0.7426,4,4,0
교통편의도_-10%,교통편의도 -10% 조정,교통편의도,-10%,중앙동,0.0204,22,22,0
교통편의도_-10%,교통편의도 -10% 조정,교통편의도,-10%,금광1동,0.1044,19,19,0
교통편의도_-10%,교통편의도 -10% 조정,교통편의도,-10%,금광2동,0.4982,8,8,0
교통편의도_-10%,교통편의도 -10% 조정,교통편의도,-10%,은행1동,-0.4531,44,44,0
교통편의도_-10%,교통편의도 -10% 조정,교통편의도,-10%,은행2동,0.199,17,17,0
교통편의도_-10%,교통편의도 -10% 조정,교통편의도,-10%,상대원1동,0.505,7,7,0
교통편의도_-10%,교통편의도 -10% 조정,교통편의도,-10%,상대원2동,-0.7643,48,48,0
교통편의도_-10%,교통편의도 -10% 조정,교통편의도,-10%,상대원3동,-0.3819,41,41,0
교통편의도_-10%,교통편의도 -10% 조정,교통편의도,-10%,하대원동,0.0675,21,21,0
교통편의도_-10%,교통편의도 -10% 조정,교통편의도,-10%,도촌동,0.2658,15,15,0
교통편의도_-10%,교통편의도 -10% 조정,교통편의도,-10%,분당동,0.4007,11,11,0
교통편의도_-10%,교통편의도 -10% 조정,교통편의도,-10%,수내1동,-0.2248,32,32,0
교통편의도_-10%,교통편의도 -10% 조정,교통편의도,-10%,수내2동,-0.377,40,40,0
교통편의도_-10%,교통편의도 -10% 조정,교통편의도,-10%,수내3동,-0.1236,25,25,0
교통편의도_-10%,교통편의도 -10% 조정,교통편의도,-10%,정자동,-0.2652,33,34,1
교통편의도_-10%,교통편의도 -10% 조정,교통편의도,-10%,정자1동,0.6282,6,6,0
교통편의도_-10%,교통편의도 -10% 조정,교통편의도,-10%,정자2동,-0.187,28,29,1
교통편의도_-10%,교통편의도 -10% 조정,교통편의도,-10%,정자3동,0.0983,20,20,0
교통편의도_-10%,교통편의도 -10% 조정,교통편의도,-10%,서현1동,0.2538,16,16,0
교통편의도_-10%,교통편의도 -10% 조정,교통편의도,-10%,서현2동,0.1482,18,18,0
교통편의도_-10%,교통편의도 -10% 조정,교통편의도,-10%,이매1동,0.3697,13,13,0
교통편의도_-10%,교통편의도 -10% 조정,교통편의도,-10%,이매2동,-0.4005,42,42,0
교통편의도_-10%,교통편의도 -10% 조정,교통편의도,-10%,야탑1동,-0.2778,36,33,-3
교통편의도_-10%,교통편의도 -10% 조정,교통편의도,-10%,야탑2동,-0.2934,37,37,0
교통편의도_-10%,교통편의도 -10% 조정,교통편의도,-10%,야탑3동,0.4679,9,9,0
교통편의도_-10%,교통편의도 -10% 조정,교통편의도,-10%,판교동,0.4215,10,10,0
교통편의도_-10%,교통편의도 -10% 조정,교통편의도,-10%,삼평동,-0.1233,24,24,0
교통편의도_-10%,교통편의도 -10% 조정,교통편의도,-10%,백현동,0.3004,14,14,0
교통편의도_-10%,교통편의도 -10% 조정,교통편의도,-10%,금곡동,0.7369,5,5,0
교통편의도_-10%,교통편의도 -10% 조정,교통편의도,-10%,구미1동,-0.1526,26,26,0
교통편의도_-10%,교통편의도 -10% 조정,교통편의도,-10%,구미동,0.3932,12,12,0
교통편의도_-10%,교통편의도 -10% 조정,교통편의도,-10%,운중동,1.0484,2,2,0
교통편의도_-20%,교통편의도 -20% 조정,교통편의도,-20%,신흥1동,-0.2624,35,35,0
교통편의도_-20%,교통편의도 -20% 조정,교통편의도,-20%,신흥2동,1.0038,3,3,0
교통편의도_-20%,교통편의도 -20% 조정,교통편의도,-20%,신흥3동,-0.4426,44,43,-1
교통편의도_-20%,교통편의도 -20% 조정,교통편의도,-20%,태평1동,-0.1583,26,27,1
교통편의도_-20%,교통편의도 -20% 조정,교통편의도,-20%,태평2동,-0.2117,30,31,1
교통편의도_-20%,교통편의도 -20% 조정,교통편의도,-20%,태평3동,-0.2615,34,36,2
교통편의도_-20%,교통편의도 -20% 조정,교통편의도,-20%,태평4동,-0.3326,39,39,0
교통편의도_-20%,교통편의도 -20% 조정,교통편의도,-20%,수진1동,-0.321,38,38,0
교통편의도_-20%,교통편의도 -20% 조정,교통편의도,-20%,수진2동,-0.0784,23,23,0
교통편의도_-20%,교통편의도 -20% 조정,교통편의도,-20%,단대동,-0.1924,29,30,1
교통편의도_-20%,교통편의도 -20% 조정,교통편의도,-20%,산성동,-0.6696,47,47,0
교통편의도_-20%,교통편의도 -20% 조정,교통편의도,-20%,양지동,-0.4996,45,45,0
교통편의도_-20%,교통편의도 -20% 조정,교통편의도,-20%,복정동,-0.2228,31,28,-3
교통편의도_-20%,교통편의도 -20% 조정,교통편의도,-20%,위례동,1.2732,1,1,0
교통편의도_-20%,교통편의도 -20% 조정,교통편의도,-20%,신촌동,-0.7656,49,49,0
교통편의도_-20%,교통편의도 -20% 조정,교통편의도,-20%,고등동,-0.625,46,46,0
교통편의도_-20%,교통편의도 -20% 조정,교통편의도,-20%,시흥동,-0.8213,50,50,0
교통편의도_-20%,교통편의도 -20% 조정,교통편의도,-20%,성남동,0.7365,4,4,0
교통편의도_-20%,교통편의도 -20% 조정,교통편의도,-20%,중앙동,0.0261,22,22,0
교통편의도_-20%,교통편의도 -20% 조정,교통편의도,-20%,금광1동,0.1036,19,19,0
교통편의도_-20%,교통편의도 -20% 조정,교통편의도,-20%,금광2동,0.4991,7,8,1
교통편의도_-20%,교통편의도 -20% 조정,교통편의도,-20%,은행1동,-0.4421,43,44,1
교통편의도_-20%,교통편의도 -20% 조정,교통편의도,-20%,은행2동,0.1965,17,17,0
교통편의도_-20%,교통편의도 -20% 조정,교통편의도,-20%,상대원1동,0.4866,8,7,-1
교통편의도_-20%,교통편의도 -20% 조정,교통편의도,-20%,상대원2동,-0.762,48,48,0
교통편의도_-20%,교통편의도 -20% 조정,교통편의도,-20%,상대원3동,-0.3722,41,41,0
교통편의도_-20%,교통편의도 -20% 조정,교통편의도,-20%,하대원동,0.0724,21,21,0
교통편의도_-20%,교통편의도 -20% 조정,교통편의도,-20%,도촌동,0.253,15,15,0
교통편의도_-20%,교통편의도 -20% 조정,교통편의도,-20%,분당동,0.3911,11,11,0
교통편의도_-20%,교통편의도 -20% 조정,교통편의도,-20%,수내1동,-0.223,32,32,0
교통편의도_-20%,교통편의도 -20% 조정,교통편의도,-20%,수내2동,-0.3717,40,40,0
교통편의도_-20%,교통편의도 -20% 조정,교통편의도,-20%,수내3동,-0.1209,24,25,1
교통편의도_-20%,교통편의도 -20% 조정,교통편의도,-20%,정자동,-0.2541,33,34,1
교통편의도_-20%,교통편의도 -20% 조정,교통편의도,-20%,정자1동,0.6203,6,6,0
교통편의도_-20%,교통편의도 -20% 조정,교통편의도,-20%,정자2동,-0.1791,28,29,1
교통편의도_-20%,교통편의도 -20% 조정,교통편의도,-20%,정자3동,0.1014,20,20,0
교통편의도_-20%,교통편의도 -20% 조정,교통편의도,-20%,서현1동,0.2433,16,16,0
교통편의도_-20%,교통편의도 -20% 조정,교통편의도,-20%,서현2동,0.1514,18,18,0
교통편의도_-20%,교통편의도 -20% 조정,교통편의도,-20%,이매1동,0.3663,13,13,0
교통편의도_-20%,교통편의도 -20% 조정,교통편의도,-20%,이매2동,-0.3935,42,42,0
교통편의도_-20%,교통편의도 -20% 조정,교통편의도,-20%,야탑1동,-0.2795,36,33,-3
교통편의도_-20%,교통편의도 -20% 조정,교통편의도,-20%,야탑2동,-0.2894,37,37,0
교통편의도_-20%,교통편의도 -20% 조정,교통편의도,-20%,야탑3동,0.4561,9,9,0
교통편의도_-20%,교통편의도 -20% 조정,교통편의도,-20%,판교동,0.4202,10,10,0
교통편의도_-20%,교통편의도 -20% 조정,교통편의도,-20%,삼평동,-0.1339,25,24,-1
교통편의도_-20%,교통편의도 -20% 조정,교통편의도,-20%,백현동,0.2965,14,14,0
교통편의도_-20%,교통편의도 -20% 조정,교통편의도,-20%,금곡동,0.7361,5,5,0
교통편의도_-20%,교통편의도 -20% 조정,교통편의도,-20%,구미1동,-0.1609,27,26,-1
교통편의도_-20%,교통편의도 -20% 조정,교통편의도,-20%,구미동,0.3813,12,12,0
교통편의도_-20%,교통편의도 -20% 조정,교통편의도,-20%,운중동,1.0322,2,2,0
공시지가_+10%,공시지가 +10% 조정,공시지가,+10%,신흥1동,-0.2778,35,35,0
공시지가_+10%,공시지가 +10% 조정,공시지가,+10%,신흥2동,0.9964,3,3,0
공시지가_+10%,공시지가 +10% 조정,공시지가,+10%,신흥3동,-0.4527,43,43,0
공시지가_+10%,공시지가 +10% 조정,공시지가,+10%,태평1동,-0.1686,27,27,0
공시지가_+10%,공시지가 +10% 조정,공시지가,+10%,태평2동,-0.2184,31,31,0
공시지가_+10%,공시지가 +10% 조정,공시지가,+10%,태평3동,-0.2824,36,36,0
공시지가_+10%,공시지가 +10% 조정,공시지가,+10%,태평4동,-0.3507,39,39,0
공시지가_+10%,공시지가 +10% 조정,공시지가,+10%,수진1동,-0.3294,38,38,0
공시지가_+10%,공시지가 +10% 조정,공시지가,+10%,수진2동,-0.0858,23,23,0
공시지가_+10%,공시지가 +10% 조정,공시지가,+10%,단대동,-0.1961,30,30,0
공시지가_+10%,공시지가 +10% 조정,공시지가,+10%,산성동,-0.6765,47,47,0
공시지가_+10%,공시지가 +10% 조정,공시지가,+10%,양지동,-0.5184,45,45,0
공시지가_+10%,공시지가 +10% 조정,공시지가,+10%,복정동,-0.1864,28,28,0
공시지가_+10%,공시지가 +10% 조정,공시지가,+10%,위례동,1.2555,1,1,0
공시지가_+10%,공시지가 +10% 조정,공시지가,+10%,신촌동,-0.7868,49,49,0
공시지가_+10%,공시지가 +10% 조정,공시지가,+10%,고등동,-0.6329,46,46,0
공시지가_+10%,공시지가 +10% 조정,공시지가,+10%,시흥동,-0.7961,50,50,0
공시지가_+10%,공시지가 +10% 조정,공시지가,+10%,성남동,0.7506,4,4,0
공시지가_+10%,공시지가 +10% 조정,공시지가,+10%,중앙동,0.0215,22,22,0
공시지가_+10%,공시지가 +10% 조정,공시지가,+10%,금광1동,0.1056,19,19,0
공시지가_+10%,공시지가 +10% 조정,공시지가,+10%,금광2동,0.4977,8,8,0
공시지가_+10%,공시지가 +10% 조정,공시지가,+10%,은행1동,-0.4664,44,44,0
공시지가_+10%,공시지가 +10% 조정,공시지가,+10%,은행2동,0.1994,17,17,0
공시지가_+10%,공시지가 +10% 조정,공시지가,+10%,상대원1동,0.5231,7,7,0
공시지가_+10%,공시지가 +10% 조정,공시지가,+10%,상대원2동,-0.767,48,48,0
공시지가_+10%,공시지가 +10% 조정,공시지가,+10%,상대원3동,-0.392,41,41,0
공시지가_+10%,공시지가 +10% 조정,공시지가,+10%,하대원동,0.0595,21,21,0
공시지가_+10%,공시지가 +10% 조정,공시지가,+10%,도촌동,0.2718,15,15,0
공시지가_+10%,공시지가 +10% 조정,공시지가,+10%,분당동,0.4102,11,11,0
공시지가_+10%,공시지가 +10% 조정,공시지가,+10%,수내1동,-0.2231,32,32,0
공시지가_+10%,공시지가 +10% 조정,공시지가,+10%,수내2동,-0.3789,40,40,0
공시지가_+10%,공시지가 +10% 조정,공시지가,+10%,수내3동,-0.1228,25,25,0
공시지가_+10%,공시지가 +10% 조정,공시지가,+10%,정자동,-0.2712,33,34,1
공시지가_+10%,공시지가 +10% 조정,공시지가,+10%,정자1동,0.6411,6,6,0
공시지가_+10%,공시지가 +10% 조정,공시지가,+10%,정자2동,-0.19,29,29,0
공시지가_+10%,공시지가 +10% 조정,공시지가,+10%,정자3동,0.1001,20,20,0
공시지가_+10%,공시지가 +10% 조정,공시지가,+10%,서현1동,0.262,16,16,0
공시지가_+10%,공시지가 +10% 조정,공시지가,+10%,서현2동,0.1462,18,18,0
공시지가_+10%,공시지가 +10% 조정,공시지가,+10%,이매1동,0.369,13,13,0
공시지가_+10%,공시지가 +10% 조정,공시지가,+10%,이매2동,-0.4118,42,42,0
공시지가_+10%,공시지가 +10% 조정,공시지가,+10%,야탑1동,-0.2774,34,33,-1
공시지가_+10%,공시지가 +10% 조정,공시지가,+10%,야탑2동,-0.2987,37,37,0
공시지가_+10%,공시지가 +10% 조정,공시지가,+10%,야탑3동,0.4785,9,9,0
공시지가_+10%,공시지가 +10% 조정,공시지가,+10%,판교동,0.4259,10,10,0
공시지가_+10%,공시지가 +10% 조정,공시지가,+10%,삼평동,-0.1102,24,24,0
공시지가_+10%,공시지가 +10% 조정,공시지가,+10%,백현동,0.3037,14,14,0
공시지가_+10%,공시지가 +10% 조정,공시지가,+10%,금곡동,0.7337,5,5,0
공시지가_+10%,공시지가 +10% 조정,공시지가,+10%,구미1동,-0.1481,26,26,0
공시지가_+10%,공시지가 +10% 조정,공시지가,+10%,구미동,0.4043,12,12,0
공시지가_+10%,공시지가 +10% 조정,공시지가,+10%,운중동,1.0606,2,2,0
공시지가_+20%,공시지가 +20% 조정,공시지가,+20%,신흥1동,-0.2754,34,35,1
공시지가_+20%,공시지가 +20% 조정,공시지가,+20%,신흥2동,0.9988,3,3,0
공시지가_+20%,공시지가 +20% 조정,공시지가,+20%,신흥3동,-0.4503,43,43,0
공시지가_+20%,공시지가 +20% 조정,공시지가,+20%,태평1동,-0.169,27,27,0
공시지가_+20%,공시지가 +20% 조정,공시지가,+20%,태평2동,-0.2188,31,31,0
공시지가_+20%,공시지가 +20% 조정,공시지가,+20%,태평3동,-0.2828,36,36,0
공시지가_+20%,공시지가 +20% 조정,공시지가,+20%,태평4동,-0.3512,39,39,0
공시지가_+20%,공시지가 +20% 조정,공시지가,+20%,수진1동,-0.327,38,38,0
공시지가_+20%,공시지가 +20% 조정,공시지가,+20%,수진2동,-0.0835,23,23,0
공시지가_+20%,공시지가 +20% 조정,공시지가,+20%,단대동,-0.1961,30,30,0
공시지가_+20%,공시지가 +20% 조정,공시지가,+20%,산성동,-0.672,47,47,0
공시지가_+20%,공시지가 +20% 조정,공시지가,+20%,양지동,-0.5212,45,45,0
공시지가_+20%,공시지가 +20% 조정,공시지가,+20%,복정동,-0.1886,29,28,-1
공시지가_+20%,공시지가 +20% 조정,공시지가,+20%,위례동,1.259,1,1,0
공시지가_+20%,공시지가 +20% 조정,공시지가,+20%,신촌동,-0.792,49,49,0
공시지가_+20%,공시지가 +20% 조정,공시지가,+20%,고등동,-0.6388,46,46,0
공시지가_+20%,공시지가 +20% 조정,공시지가,+20%,시흥동,-0.8017,50,50,0
공시지가_+20%,공시지가 +20% 조정,공시지가,+20%,성남동,0.7524,4,4,0
공시지가_+20%,공시지가 +20% 조정,공시지가,+20%,중앙동,0.0285,22,22,0
공시지가_+20%,공시지가 +20% 조정,공시지가,+20%,금광1동,0.1061,19,19,0
공시지가_+20%,공시지가 +20% 조정,공시지가,+20%,금광2동,0.4981,8,8,0
공시지가_+20%,공시지가 +20% 조정,공시지가,+20%,은행1동,-0.4686,44,44,0
공시지가_+20%,공시지가 +20% 조정,공시지가,+20%,은행2동,0.1972,17,17,0
공시지가_+20%,공시지가 +20% 조정,공시지가,+20%,상대원1동,0.5227,7,7,0
공시지가_+20%,공시지가 +20% 조정,공시지가,+20%,상대원2동,-0.7674,48,48,0
공시지가_+20%,공시지가 +20% 조정,공시지가,+20%,상대원3동,-0.3925,41,41,0
공시지가_+20%,공시지가 +20% 조정,공시지가,+20%,하대원동,0.0563,21,21,0
공시지가_+20%,공시지가 +20% 조정,공시지가,+20%,도촌동,0.2651,15,15,0
공시지가_+20%,공시지가 +20% 조정,공시지가,+20%,분당동,0.41,11,11,0
공시지가_+20%,공시지가 +20% 조정,공시지가,+20%,수내1동,-0.2197,32,32,0
공시지가_+20%,공시지가 +20% 조정,공시지가,+20%,수내2동,-0.3755,40,40,0
공시지가_+20%,공시지가 +20% 조정,공시지가,+20%,수내3동,-0.1194,25,25,0
공시지가_+20%,공시지가 +20% 조정,공시지가,+20%,정자동,-0.2662,33,34,1
공시지가_+20%,공시지가 +20% 조정,공시지가,+20%,정자1동,0.6461,6,6,0
공시지가_+20%,공시지가 +20% 조정,공시지가,+20%,정자2동,-0.185,28,29,1
공시지가_+20%,공시지가 +20% 조정,공시지가,+20%,정자3동,0.1051,20,20,0
공시지가_+20%,공시지가 +20% 조정,공시지가,+20%,서현1동,0.2597,16,16,0
공시지가_+20%,공시지가 +20% 조정,공시지가,+20%,서현2동,0.1473,18,18,0
공시지가_+20%,공시지가 +20% 조정,공시지가,+20%,이매1동,0.3648,13,13,0
공시지가_+20%,공시지가 +20% 조정,공시지가,+20%,이매2동,-0.416,42,42,0
공시지가_+20%,공시지가 +20% 조정,공시지가,+20%,야탑1동,-0.2786,35,33,-2
공시지가_+20%,공시지가 +20% 조정,공시지가,+20%,야탑2동,-0.2999,37,37,0
공시지가_+20%,공시지가 +20% 조정,공시지가,+20%,야탑3동,0.4772,9,9,0
공시지가_+20%,공시지가 +20% 조정,공시지가,+20%,판교동,0.4291,10,10,0
공시지가_+20%,공시지가 +20% 조정,공시지가,+20%,삼평동,-0.1075,24,24,0
공시지가_+20%,공시지가 +20% 조정,공시지가,+20%,백현동,0.3032,14,14,0
공시지가_+20%,공시지가 +20% 조정,공시지가,+20%,금곡동,0.7296,5,5,0
공시지가_+20%,공시지가 +20% 조정,공시지가,+20%,구미1동,-0.1519,26,26,0
공시지가_+20%,공시지가 +20% 조정,공시지가,+20%,구미동,0.4036,12,12,0
공시지가_+20%,공시지가 +20% 조정,공시지가,+20%,운중동,1.0566,2,2,0
공시지가_-10%,공시지가 -10% 조정,공시지가,-10%,신흥1동,-0.2825,36,35,-1
공시지가_-10%,공시지가 -10% 조정,공시지가,-10%,신흥2동,0.9916,3,3,0
공시지가_-10%,공시지가 -10% 조정,공시지가,-10%,신흥3동,-0.4575,43,43,0
공시지가_-10%,공시지가 -10% 조정,공시지가,-10%,태평1동,-0.1677,27,27,0
공시지가_-10%,공시지가 -10% 조정,공시지가,-10%,태평2동,-0.2175,31,31,0
공시지가_-10%,공시지가 -10% 조정,공시지가,-10%,태평3동,-0.2814,35,36,1
공시지가_-10%,공시지가 -10% 조정,공시지가,-10%,태평4동,-0.3498,39,39,0
공시지가_-10%,공시지가 -10% 조정,공시지가,-10%,수진1동,-0.3341,38,38,0
공시지가_-10%,공시지가 -10% 조정,공시지가,-10%,수진2동,-0.0906,23,23,0
공시지가_-10%,공시지가 -10% 조정,공시지가,-10%,단대동,-0.1961,29,30,1
공시지가_-10%,공시지가 -10% 조정,공시지가,-10%,산성동,-0.6857,47,47,0
공시지가_-10%,공시지가 -10% 조정,공시지가,-10%,양지동,-0.5127,45,45,0
공시지가_-10%,공시지가 -10% 조정,공시지가,-10%,복정동,-0.182,28,28,0
공시지가_-10%,공시지가 -10% 조정,공시지가,-10%,위례동,1.2484,1,1,0
공시지가_-10%,공시지가 -10% 조정,공시지가,-10%,신촌동,-0.7764,49,49,0
공시지가_-10%,공시지가 -10% 조정,공시지가,-10%,고등동,-0.6209,46,46,0
공시지가_-10%,공시지가 -10% 조정,공시지가,-10%,시흥동,-0.785,50,50,0
공시지가_-10%,공시지가 -10% 조정,공시지가,-10%,성남동,0.7469,4,4,0
공시지가_-10%,공시지가 -10% 조정,공시지가,-10%,중앙동,0.0076,22,22,0
공시지가_-10%,공시지가 -10% 조정,공시지가,-10%,금광1동,0.1048,19,19,0
공시지가_-10%,공시지가 -10% 조정,공시지가,-10%,금광2동,0.4968,8,8,0
공시지가_-10%,공시지가 -10% 조정,공시지가,-10%,은행1동,-0.462,44,44,0
공시지가_-10%,공시지가 -10% 조정,공시지가,-10%,은행2동,0.2038,17,17,0
공시지가_-10%,공시지가 -10% 조정,공시지가,-10%,상대원1동,0.5239,7,7,0
공시지가_-10%,공시지가 -10% 조정,공시지가,-10%,상대원2동,-0.7661,48,48,0
공시지가_-10%,공시지가 -10% 조정,공시지가,-10%,상대원3동,-0.3912,41,41,0
공시지가_-10%,공시지가 -10% 조정,공시지가,-10%,하대원동,0.0658,21,21,0
공시지가_-10%,공시지가 -10% 조정,공시지가,-10%,도촌동,0.2852,15,15,0
공시지가_-10%,공시지가 -10% 조정,공시지가,-10%,분당동,0.4105,11,11,0
공시지가_-10%,공시지가 -10% 조정,공시지가,-10%,수내1동,-0.23,32,32,0
공시지가_-10%,공시지가 -10% 조정,공시지가,-10%,수내2동,-0.3858,40,40,0
공시지가_-10%,공시지가 -10% 조정,공시지가,-10%,수내3동,-0.1297,25,25,0
공시지가_-10%,공시지가 -10% 조정,공시지가,-10%,정자동,-0.2812,34,34,0
공시지가_-10%,공시지가 -10% 조정,공시지가,-10%,정자1동,0.6311,6,6,0
공시지가_-10%,공시지가 -10% 조정,공시지가,-10%,정자2동,-0.2,30,29,-1
공시지가_-10%,공시지가 -10% 조정,공시지가,-10%,정자3동,0.0901,20,20,0
공시지가_-10%,공시지가 -10% 조정,공시지가,-10%,서현1동,0.2666,16,16,0
공시지가_-10%,공시지가 -10% 조정,공시지가,-10%,서현2동,0.144,18,18,0
공시지가_-10%,공시지가 -10% 조정,공시지가,-10%,이매1동,0.3774,13,13,0
공시지가_-10%,공시지가 -10% 조정,공시지가,-10%,이매2동,-0.4035,42,42,0
공시지가_-10%,공시지가 -10% 조정,공시지가,-10%,야탑1동,-0.2748,33,33,0
공시지가_-10%,공시지가 -10% 조정,공시지가,-10%,야탑2동,-0.2962,37,37,0
공시지가_-10%,공시지가 -10% 조정,공시지가,-10%,야탑3동,0.481,9,9,0
공시지가_-10%,공시지가 -10% 조정,공시지가,-10%,판교동,0.4196,10,10,0
공시지가_-10%,공시지가 -10% 조정,공시지가,-10%,삼평동,-0.1155,24,24,0
공시지가_-10%,공시지가 -10% 조정,공시지가,-10%,백현동,0.3048,14,14,0
공시지가_-10%,공시지가 -10% 조정,공시지가,-10%,금곡동,0.7418,5,5,0
공시지가_-10%,공시지가 -10% 조정,공시지가,-10%,구미1동,-0.1405,26,26,0
공시지가_-10%,공시지가 -10% 조정,공시지가,-10%,구미동,0.4057,12,12,0
공시지가_-10%,공시지가 -10% 조정,공시지가,-10%,운중동,1.0688,2,2,0
공시지가_-20%,공시지가 -20% 조정,공시지가,-20%,신흥1동,-0.2849,35,35,0
공시지가_-20%,공시지가 -20% 조정,공시지가,-20%,신흥2동,0.9892,3,3,0
공시지가_-20%,공시지가 -20% 조정,공시지가,-20%,신흥3동,-0.4598,44,43,-1
공시지가_-20%,공시지가 -20% 조정,공시지가,-20%,태평1동,-0.1672,27,27,0
공시지가_-20%,공시지가 -20% 조정,공시지가,-20%,태평2동,-0.217,31,31,0
공시지가_-20%,공시지가 -20% 조정,공시지가,-20%,태평3동,-0.281,34,36,2
공시지가_-20%,공시지가 -20% 조정,공시지가,-20%,태평4동,-0.3494,39,39,0
공시지가_-20%,공시지가 -20% 조정,공시지가,-20%,수진1동,-0.3364,38,38,0
공시지가_-20%,공시지가 -20% 조정,공시지가,-20%,수진2동,-0.0929,23,23,0
공시지가_-20%,공시지가 -20% 조정,공시지가,-20%,단대동,-0.1961,29,30,1
공시지가_-20%,공시지가 -20% 조정,공시지가,-20%,산성동,-0.6902,47,47,0
공시지가_-20%,공시지가 -20% 조정,공시지가,-20%,양지동,-0.5099,45,45,0
공시지가_-20%,공시지가 -20% 조정,공시지가,-20%,복정동,-0.1798,28,28,0
공시지가_-20%,공시지가 -20% 조정,공시지가,-20%,위례동,1.2449,1,1,0
공시지가_-20%,공시지가 -20% 조정,공시지가,-20%,신촌동,-0.7712,49,49,0
공시지가_-20%,공시지가 -20% 조정,공시지가,-20%,고등동,-0.6149,46,46,0
공시지가_-20%,공시지가 -20% 조정,공시지가,-20%,시흥동,-0.7794,50,50,0
공시지가_-20%,공시지가 -20% 조정,공시지가,-20%,성남동,0.7451,5,4,-1
공시지가_-20%,공시지가 -20% 조정,공시지가,-20%,중앙동,0.0007,22,22,0
공시지가_-20%,공시지가 -20% 조정,공시지가,-20%,금광1동,0.1043,19,19,0
공시지가_-20%,공시지가 -20% 조정,공시지가,-20%,금광2동,0.4964,8,8,0
공시지가_-20%,공시지가 -20% 조정,공시지가,-20%,은행1동,-0.4598,43,44,1
공시지가_-20%,공시지가 -20% 조정,공시지가,-20%,은행2동,0.2061,17,17,0
공시지가_-20%,공시지가 -20% 조정,공시지가,-20%,상대원1동,0.5243,7,7,0
공시지가_-20%,공시지가 -20% 조정,공시지가,-20%,상대원2동,-0.7657,48,48,0
공시지가_-20%,공시지가 -20% 조정,공시지가,-20%,상대원3동,-0.3908,41,41,0
공시지가_-20%,공시지가 -20% 조정,공시지가,-20%,하대원동,0.0689,21,21,0
공시지가_-20%,공시지가 -20% 조정,공시지가,-20%,도촌동,0.2919,15,15,0
공시지가_-20%,공시지가 -20% 조정,공시지가,-20%,분당동,0.4107,11,11,0
공시지가_-20%,공시지가 -20% 조정,공시지가,-20%,수내1동,-0.2335,32,32,0
공시지가_-20%,공시지가 -20% 조정,공시지가,-20%,수내2동,-0.3893,40,40,0
공시지가_-20%,공시지가 -20% 조정,공시지가,-20%,수내3동,-0.1332,25,25,0
공시지가_-20%,공시지가 -20% 조정,공시지가,-20%,정자동,-0.2863,36,34,-2
공시지가_-20%,공시지가 -20% 조정,공시지가,-20%,정자1동,0.626,6,6,0
공시지가_-20%,공시지가 -20% 조정,공시지가,-20%,정자2동,-0.205,30,29,-1
공시지가_-20%,공시지가 -20% 조정,공시지가,-20%,정자3동,0.0851,20,20,0
공시지가_-20%,공시지가 -20% 조정,공시지가,-20%,서현1동,0.2689,16,16,0
공시지가_-20%,공시지가 -20% 조정,공시지가,-20%,서현2동,0.1429,18,18,0
공시지가_-20%,공시지가 -20% 조정,공시지가,-20%,이매1동,0.3816,13,13,0
공시지가_-20%,공시지가 -20% 조정,공시지가,-20%,이매2동,-0.3993,42,42,0
공시지가_-20%,공시지가 -20% 조정,공시지가,-20%,야탑1동,-0.2736,33,33,0
공시지가_-20%,공시지가 -20% 조정,공시지가,-20%,야탑2동,-0.2949,37,37,0
공시지가_-20%,공시지가 -20% 조정,공시지가,-20%,야탑3동,0.4823,9,9,0
공시지가_-20%,공시지가 -20% 조정,공시지가,-20%,판교동,0.4165,10,10,0
공시지가_-20%,공시지가 -20% 조정,공시지가,-20%,삼평동,-0.1182,24,24,0
공시지가_-20%,공시지가 -20% 조정,공시지가,-20%,백현동,0.3054,14,14,0
공시지가_-20%,공시지가 -20% 조정,공시지가,-20%,금곡동,0.7459,4,5,1
공시지가_-20%,공시지가 -20% 조정,공시지가,-20%,구미1동,-0.1367,26,26,0
공시지가_-20%,공시지가 -20% 조정,공시지가,-20%,구미동,0.4064,12,12,0
공시지가_-20%,공시지가 -20% 조정,공시지가,-20%,운중동,1.0728,2,2,0
놀이터개수_+10%,놀이터개수 +10% 조정,놀이터개수,+10%,신흥1동,-0.2691,34,35,1
놀이터개수_+10%,놀이터개수 +10% 조정,놀이터개수,+10%,신흥2동,0.9999,3,3,0
놀이터개수_+10%,놀이터개수 +10% 조정,놀이터개수,+10%,신흥3동,-0.4566,44,43,-1
놀이터개수_+10%,놀이터개수 +10% 조정,놀이터개수,+10%,태평1동,-0.1571,27,27,0
놀이터개수_+10%,놀이터개수 +10% 조정,놀이터개수,+10%,태평2동,-0.2143,31,31,0
놀이터개수_+10%,놀이터개수 +10% 조정,놀이터개수,+10%,태평3동,-0.2708,35,36,1
놀이터개수_+10%,놀이터개수 +10% 조정,놀이터개수,+10%,태평4동,-0.3392,39,39,0
놀이터개수_+10%,놀이터개수 +10% 조정,놀이터개수,+10%,수진1동,-0.3235,38,38,0
놀이터개수_+10%,놀이터개수 +10% 조정,놀이터개수,+10%,수진2동,-0.0771,23,23,0
놀이터개수_+10%,놀이터개수 +10% 조정,놀이터개수,+10%,단대동,-0.1948,30,30,0
놀이터개수_+10%,놀이터개수 +10% 조정,놀이터개수,+10%,산성동,-0.6718,47,47,0
놀이터개수_+10%,놀이터개수 +10% 조정,놀이터개수,+10%,양지동,-0.5074,45,45,0
놀이터개수_+10%,놀이터개수 +10% 조정,놀이터개수,+10%,복정동,-0.1771,28,28,0
놀이터개수_+10%,놀이터개수 +10% 조정,놀이터개수,+10%,위례동,1.2285,1,1,0
놀이터개수_+10%,놀이터개수 +10% 조정,놀이터개수,+10%,신촌동,-0.7705,49,49,0
놀이터개수_+10%,놀이터개수 +10% 조정,놀이터개수,+10%,고등동,-0.6285,46,46,0
놀이터개수_+10%,놀이터개수 +10% 조정,놀이터개수,+10%,시흥동,-0.7795,50,50,0
놀이터개수_+10%,놀이터개수 +10% 조정,놀이터개수,+10%,성남동,0.7477,4,4,0
놀이터개수_+10%,놀이터개수 +10% 조정,놀이터개수,+10%,중앙동,0.0176,22,22,0
놀이터개수_+10%,놀이터개수 +10% 조정,놀이터개수,+10%,금광1동,0.0944,20,19,-1
놀이터개수_+10%,놀이터개수 +10% 조정,놀이터개수,+10%,금광2동,0.5077,8,8,0
놀이터개수_+10%,놀이터개수 +10% 조정,놀이터개수,+10%,은행1동,-0.4531,43,44,1
놀이터개수_+10%,놀이터개수 +10% 조정,놀이터개수,+10%,은행2동,0.2012,17,17,0
놀이터개수_+10%,놀이터개수 +10% 조정,놀이터개수,+10%,상대원1동,0.534,7,7,0
놀이터개수_+10%,놀이터개수 +10% 조정,놀이터개수,+10%,상대원2동,-0.756,48,48,0
놀이터개수_+10%,놀이터개수 +10% 조정,놀이터개수,+10%,상대원3동,-0.3863,41,41,0
놀이터개수_+10%,놀이터개수 +10% 조정,놀이터개수,+10%,하대원동,0.0662,21,21,0
놀이터개수_+10%,놀이터개수 +10% 조정,놀이터개수,+10%,도촌동,0.2625,15,15,0
놀이터개수_+10%,놀이터개수 +10% 조정,놀이터개수,+10%,분당동,0.4036,11,11,0
놀이터개수_+10%,놀이터개수 +10% 조정,놀이터개수,+10%,수내1동,-0.2305,32,32,0
놀이터개수_+10%,놀이터개수 +10% 조정,놀이터개수,+10%,수내2동,-0.3776,40,40,0
놀이터개수_+10%,놀이터개수 +10% 조정,놀이터개수,+10%,수내3동,-0.1152,24,25,1
놀이터개수_+10%,놀이터개수 +10% 조정,놀이터개수,+10%,정자동,-0.2841,36,34,-2
놀이터개수_+10%,놀이터개수 +10% 조정,놀이터개수,+10%,정자1동,0.6356,6,6,0
놀이터개수_+10%,놀이터개수 +10% 조정,놀이터개수,+10%,정자2동,-0.1943,29,29,0
놀이터개수_+10%,놀이터개수 +10% 조정,놀이터개수,+10%,정자3동,0.1062,19,20,1
놀이터개수_+10%,놀이터개수 +10% 조정,놀이터개수,+10%,서현1동,0.2363,16,16,0
놀이터개수_+10%,놀이터개수 +10% 조정,놀이터개수,+10%,서현2동,0.1562,18,18,0
놀이터개수_+10%,놀이터개수 +10% 조정,놀이터개수,+10%,이매1동,0.3705,13,13,0
놀이터개수_+10%,놀이터개수 +10% 조정,놀이터개수,+10%,이매2동,-0.4098,42,42,0
놀이터개수_+10%,놀이터개수 +10% 조정,놀이터개수,+10%,야탑1동,-0.265,33,33,0
놀이터개수_+10%,놀이터개수 +10% 조정,놀이터개수,+10%,야탑2동,-0.3116,37,37,0
놀이터개수_+10%,놀이터개수 +10% 조정,놀이터개수,+10%,야탑3동,0.4627,9,9,0
놀이터개수_+10%,놀이터개수 +10% 조정,놀이터개수,+10%,판교동,0.412,10,10,0
놀이터개수_+10%,놀이터개수 +10% 조정,놀이터개수,+10%,삼평동,-0.1276,25,24,-1
놀이터개수_+10%,놀이터개수 +10% 조정,놀이터개수,+10%,백현동,0.2889,14,14,0
놀이터개수_+10%,놀이터개수 +10% 조정,놀이터개수,+10%,금곡동,0.7339,5,5,0
놀이터개수_+10%,놀이터개수 +10% 조정,놀이터개수,+10%,구미1동,-0.1418,26,26,0
놀이터개수_+10%,놀이터개수 +10% 조정,놀이터개수,+10%,구미동,0.3845,12,12,0
놀이터개수_+10%,놀이터개수 +10% 조정,놀이터개수,+10%,운중동,1.0401,2,2,0
놀이터개수_+20%,놀이터개수 +20% 조정,놀이터개수,+20%,신흥1동,-0.258,34,35,1
놀이터개수_+20%,놀이터개수 +20% 조정,놀이터개수,+20%,신흥2동,1.0058,3,3,0
놀이터개수_+20%,놀이터개수 +20% 조정,놀이터개수,+20%,신흥3동,-0.4582,44,43,-1
놀이터개수_+20%,놀이터개수 +20% 조정,놀이터개수,+20%,태평1동,-0.146,27,27,0
놀이터개수_+20%,놀이터개수 +20% 조정,놀이터개수,+20%,태평2동,-0.2107,31,31,0
놀이터개수_+20%,놀이터개수 +20% 조정,놀이터개수,+20%,태평3동,-0.2598,35,36,1
놀이터개수_+20%,놀이터개수 +20% 조정,놀이터개수,+20%,태평4동,-0.3281,39,39,0
놀이터개수_+20%,놀이터개수 +20% 조정,놀이터개수,+20%,수진1동,-0.3153,37,38,1
놀이터개수_+20%,놀이터개수 +20% 조정,놀이터개수,+20%,수진2동,-0.0661,23,23,0
놀이터개수_+20%,놀이터개수 +20% 조정,놀이터개수,+20%,단대동,-0.1935,29,30,1
놀이터개수_+20%,놀이터개수 +20% 조정,놀이터개수,+20%,산성동,-0.6624,47,47,0
놀이터개수_+20%,놀이터개수 +20% 조정,놀이터개수,+20%,양지동,-0.4992,45,45,0
놀이터개수_+20%,놀이터개수 +20% 조정,놀이터개수,+20%,복정동,-0.1701,28,28,0
놀이터개수_+20%,놀이터개수 +20% 조정,놀이터개수,+20%,위례동,1.2051,1,1,0
놀이터개수_+20%,놀이터개수 +20% 조정,놀이터개수,+20%,신촌동,-0.7595,49,49,0
놀이터개수_+20%,놀이터개수 +20% 조정,놀이터개수,+20%,고등동,-0.63,46,46,0
놀이터개수_+20%,놀이터개수 +20% 조정,놀이터개수,+20%,시흥동,-0.7684,50,50,0
놀이터개수_+20%,놀이터개수 +20% 조정,놀이터개수,+20%,성남동,0.7467,4,4,0
놀이터개수_+20%,놀이터개수 +20% 조정,놀이터개수,+20%,중앙동,0.0206,22,22,0
놀이터개수_+20%,놀이터개수 +20% 조정,놀이터개수,+20%,금광1동,0.0837,20,19,-1
놀이터개수_+20%,놀이터개수 +20% 조정,놀이터개수,+20%,금광2동,0.5182,8,8,0
놀이터개수_+20%,놀이터개수 +20% 조정,놀이터개수,+20%,은행1동,-0.4421,43,44,1
놀이터개수_+20%,놀이터개수 +20% 조정,놀이터개수,+20%,은행2동,0.2008,17,17,0
놀이터개수_+20%,놀이터개수 +20% 조정,놀이터개수,+20%,상대원1동,0.5445,7,7,0
놀이터개수_+20%,놀이터개수 +20% 조정,놀이터개수,+20%,상대원2동,-0.7456,48,48,0
놀이터개수_+20%,놀이터개수 +20% 조정,놀이터개수,+20%,상대원3동,-0.381,41,41,0
놀이터개수_+20%,놀이터개수 +20% 조정,놀이터개수,+20%,하대원동,0.0698,21,21,0
놀이터개수_+20%,놀이터개수 +20% 조정,놀이터개수,+20%,도촌동,0.2466,15,15,0
놀이터개수_+20%,놀이터개수 +20% 조정,놀이터개수,+20%,분당동,0.3969,11,11,0
놀이터개수_+20%,놀이터개수 +20% 조정,놀이터개수,+20%,수내1동,-0.2343,32,32,0
놀이터개수_+20%,놀이터개수 +20% 조정,놀이터개수,+20%,수내2동,-0.3729,40,40,0
놀이터개수_+20%,놀이터개수 +20% 조정,놀이터개수,+20%,수내3동,-0.1041,24,25,1
놀이터개수_+20%,놀이터개수 +20% 조정,놀이터개수,+20%,정자동,-0.292,36,34,-2
놀이터개수_+20%,놀이터개수 +20% 조정,놀이터개수,+20%,정자1동,0.6352,6,6,0
놀이터개수_+20%,놀이터개수 +20% 조정,놀이터개수,+20%,정자2동,-0.1936,30,29,-1
놀이터개수_+20%,놀이터개수 +20% 조정,놀이터개수,+20%,정자3동,0.1173,19,20,1
놀이터개수_+20%,놀이터개수 +20% 조정,놀이터개수,+20%,서현1동,0.2083,16,16,0
놀이터개수_+20%,놀이터개수 +20% 조정,놀이터개수,+20%,서현2동,0.1672,18,18,0
놀이터개수_+20%,놀이터개수 +20% 조정,놀이터개수,+20%,이매1동,0.3678,12,13,1
놀이터개수_+20%,놀이터개수 +20% 조정,놀이터개수,+20%,이매2동,-0.4119,42,42,0
놀이터개수_+20%,놀이터개수 +20% 조정,놀이터개수,+20%,야탑1동,-0.254,33,33,0
놀이터개수_+20%,놀이터개수 +20% 조정,놀이터개수,+20%,야탑2동,-0.3259,38,37,-1
놀이터개수_+20%,놀이터개수 +20% 조정,놀이터개수,+20%,야탑3동,0.4456,9,9,0
놀이터개수_+20%,놀이터개수 +20% 조정,놀이터개수,+20%,판교동,0.4013,10,10,0
놀이터개수_+20%,놀이터개수 +20% 조정,놀이터개수,+20%,삼평동,-0.1424,26,24,-2
놀이터개수_+20%,놀이터개수 +20% 조정,놀이터개수,+20%,백현동,0.2736,14,14,0
놀이터개수_+20%,놀이터개수 +20% 조정,놀이터개수,+20%,금곡동,0.73,5,5,0
놀이터개수_+20%,놀이터개수 +20% 조정,놀이터개수,+20%,구미1동,-0.1394,25,26,1
놀이터개수_+20%,놀이터개수 +20% 조정,놀이터개수,+20%,구미동,0.364,13,12,-1
놀이터개수_+20%,놀이터개수 +20% 조정,놀이터개수,+20%,운중동,1.0156,2,2,0
놀이터개수_-10%,놀이터개수 -10% 조정,놀이터개수,-10%,신흥1동,-0.2912,36,35,-1
놀이터개수_-10%,놀이터개수 -10% 조정,놀이터개수,-10%,신흥2동,0.9881,3,3,0
놀이터개수_-10%,놀이터개수 -10% 조정,놀이터개수,-10%,신흥3동,-0.4535,43,43,0
놀이터개수_-10%,놀이터개수 -10% 조정,놀이터개수,-10%,태평1동,-0.1792,27,27,0
놀이터개수_-10%,놀이터개수 -10% 조정,놀이터개수,-10%,태평2동,-0.2215,31,31,0
놀이터개수_-10%,놀이터개수 -10% 조정,놀이터개수,-10%,태평3동,-0.293,37,36,-1
놀이터개수_-10%,놀이터개수 -10% 조정,놀이터개수,-10%,태평4동,-0.3613,39,39,0
놀이터개수_-10%,놀이터개수 -10% 조정,놀이터개수,-10%,수진1동,-0.3399,38,38,0
놀이터개수_-10%,놀이터개수 -10% 조정,놀이터개수,-10%,수진2동,-0.0993,24,23,-1
놀이터개수_-10%,놀이터개수 -10% 조정,놀이터개수,-10%,단대동,-0.1974,30,30,0
놀이터개수_-10%,놀이터개수 -10% 조정,놀이터개수,-10%,산성동,-0.6905,47,47,0
놀이터개수_-10%,놀이터개수 -10% 조정,놀이터개수,-10%,양지동,-0.5237,45,45,0
놀이터개수_-10%,놀이터개수 -10% 조정,놀이터개수,-10%,복정동,-0.1912,28,28,0
놀이터개수_-10%,놀이터개수 -10% 조정,놀이터개수,-10%,위례동,1.2754,1,1,0
놀이터개수_-10%,놀이터개수 -10% 조정,놀이터개수,-10%,신촌동,-0.7927,49,49,0
놀이터개수_-10%,놀이터개수 -10% 조정,놀이터개수,-10%,고등동,-0.6253,46,46,0
놀이터개수_-10%,놀이터개수 -10% 조정,놀이터개수,-10%,시흥동,-0.8016,50,50,0
놀이터개수_-10%,놀이터개수 -10% 조정,놀이터개수,-10%,성남동,0.7497,4,4,0
놀이터개수_-10%,놀이터개수 -10% 조정,놀이터개수,-10%,중앙동,0.0116,22,22,0
놀이터개수_-10%,놀이터개수 -10% 조정,놀이터개수,-10%,금광1동,0.116,19,19,0
놀이터개수_-10%,놀이터개수 -10% 조정,놀이터개수,-10%,금광2동,0.4868,9,8,-1
놀이터개수_-10%,놀이터개수 -10% 조정,놀이터개수,-10%,은행1동,-0.4753,44,44,0
놀이터개수_-10%,놀이터개수 -10% 조정,놀이터개수,-10%,은행2동,0.2021,17,17,0
놀이터개수_-10%,놀이터개수 -10% 조정,놀이터개수,-10%,상대원1동,0.513,7,7,0
놀이터개수_-10%,놀이터개수 -10% 조정,놀이터개수,-10%,상대원2동,-0.777,48,48,0
놀이터개수_-10%,놀이터개수 -10% 조정,놀이터개수,-10%,상대원3동,-0.397,41,41,0
놀이터개수_-10%,놀이터개수 -10% 조정,놀이터개수,-10%,하대원동,0.059,21,21,0
놀이터개수_-10%,놀이터개수 -10% 조정,놀이터개수,-10%,도촌동,0.2944,15,15,0
놀이터개수_-10%,놀이터개수 -10% 조정,놀이터개수,-10%,분당동,0.4171,12,11,-1
놀이터개수_-10%,놀이터개수 -10% 조정,놀이터개수,-10%,수내1동,-0.2227,32,32,0
놀이터개수_-10%,놀이터개수 -10% 조정,놀이터개수,-10%,수내2동,-0.3871,40,40,0
놀이터개수_-10%,놀이터개수 -10% 조정,놀이터개수,-10%,수내3동,-0.1373,25,25,0
놀이터개수_-10%,놀이터개수 -10% 조정,놀이터개수,-10%,정자동,-0.2684,33,34,1
놀이터개수_-10%,놀이터개수 -10% 조정,놀이터개수,-10%,정자1동,0.6365,6,6,0
놀이터개수_-10%,놀이터개수 -10% 조정,놀이터개수,-10%,정자2동,-0.1957,29,29,0
놀이터개수_-10%,놀이터개수 -10% 조정,놀이터개수,-10%,정자3동,0.0841,20,20,0
놀이터개수_-10%,놀이터개수 -10% 조정,놀이터개수,-10%,서현1동,0.2923,16,16,0
놀이터개수_-10%,놀이터개수 -10% 조정,놀이터개수,-10%,서현2동,0.134,18,18,0
놀이터개수_-10%,놀이터개수 -10% 조정,놀이터개수,-10%,이매1동,0.3759,13,13,0
놀이터개수_-10%,놀이터개수 -10% 조정,놀이터개수,-10%,이매2동,-0.4055,42,42,0
놀이터개수_-10%,놀이터개수 -10% 조정,놀이터개수,-10%,야탑1동,-0.2872,35,33,-2
놀이터개수_-10%,놀이터개수 -10% 조정,놀이터개수,-10%,야탑2동,-0.2832,34,37,3
놀이터개수_-10%,놀이터개수 -10% 조정,놀이터개수,-10%,야탑3동,0.4968,8,9,1
놀이터개수_-10%,놀이터개수 -10% 조정,놀이터개수,-10%,판교동,0.4336,10,10,0
놀이터개수_-10%,놀이터개수 -10% 조정,놀이터개수,-10%,삼평동,-0.098,23,24,1
놀이터개수_-10%,놀이터개수 -10% 조정,놀이터개수,-10%,백현동,0.3196,14,14,0
놀이터개수_-10%,놀이터개수 -10% 조정,놀이터개수,-10%,금곡동,0.7416,5,5,0
놀이터개수_-10%,놀이터개수 -10% 조정,놀이터개수,-10%,구미1동,-0.1467,26,26,0
놀이터개수_-10%,놀이터개수 -10% 조정,놀이터개수,-10%,구미동,0.4256,11,12,1
놀이터개수_-10%,놀이터개수 -10% 조정,놀이터개수,-10%,운중동,1.0892,2,2,0
놀이터개수_-20%,놀이터개수 -20% 조정,놀이터개수,-20%,신흥1동,-0.3023,36,35,-1
놀이터개수_-20%,놀이터개수 -20% 조정,놀이터개수,-20%,신흥2동,0.9822,3,3,0
놀이터개수_-20%,놀이터개수 -20% 조정,놀이터개수,-20%,신흥3동,-0.4519,43,43,0
놀이터개수_-20%,놀이터개수 -20% 조정,놀이터개수,-20%,태평1동,-0.1902,27,27,0
놀이터개수_-20%,놀이터개수 -20% 조정,놀이터개수,-20%,태평2동,-0.2251,32,31,-1
놀이터개수_-20%,놀이터개수 -20% 조정,놀이터개수,-20%,태평3동,-0.304,37,36,-1
놀이터개수_-20%,놀이터개수 -20% 조정,놀이터개수,-20%,태평4동,-0.3724,39,39,0
놀이터개수_-20%,놀이터개수 -20% 조정,놀이터개수,-20%,수진1동,-0.3481,38,38,0
놀이터개수_-20%,놀이터개수 -20% 조정,놀이터개수,-20%,수진2동,-0.1103,24,23,-1
놀이터개수_-20%,놀이터개수 -20% 조정,놀이터개수,-20%,단대동,-0.1987,30,30,0
놀이터개수_-20%,놀이터개수 -20% 조정,놀이터개수,-20%,산성동,-0.6998,47,47,0
놀이터개수_-20%,놀이터개수 -20% 조정,놀이터개수,-20%,양지동,-0.5319,45,45,0
놀이터개수_-20%,놀이터개수 -20% 조정,놀이터개수,-20%,복정동,-0.1983,29,28,-1
놀이터개수_-20%,놀이터개수 -20% 조정,놀이터개수,-20%,위례동,1.2988,1,1,0
놀이터개수_-20%,놀이터개수 -20% 조정,놀이터개수,-20%,신촌동,-0.8037,49,49,0
놀이터개수_-20%,놀이터개수 -20% 조정,놀이터개수,-20%,고등동,-0.6237,46,46,0
놀이터개수_-20%,놀이터개수 -20% 조정,놀이터개수,-20%,시흥동,-0.8127,50,50,0
놀이터개수_-20%,놀이터개수 -20% 조정,놀이터개수,-20%,성남동,0.7507,4,4,0
놀이터개수_-20%,놀이터개수 -20% 조정,놀이터개수,-20%,중앙동,0.0085,22,22,0
놀이터개수_-20%,놀이터개수 -20% 조정,놀이터개수,-20%,금광1동,0.1267,18,19,1
놀이터개수_-20%,놀이터개수 -20% 조정,놀이터개수,-20%,금광2동,0.4763,9,8,-1
놀이터개수_-20%,놀이터개수 -20% 조정,놀이터개수,-20%,은행1동,-0.4863,44,44,0
놀이터개수_-20%,놀이터개수 -20% 조정,놀이터개수,-20%,은행2동,0.2025,17,17,0
놀이터개수_-20%,놀이터개수 -20% 조정,놀이터개수,-20%,상대원1동,0.5025,8,7,-1
놀이터개수_-20%,놀이터개수 -20% 조정,놀이터개수,-20%,상대원2동,-0.7875,48,48,0
놀이터개수_-20%,놀이터개수 -20% 조정,놀이터개수,-20%,상대원3동,-0.4023,41,41,0
놀이터개수_-20%,놀이터개수 -20% 조정,놀이터개수,-20%,하대원동,0.0554,21,21,0
놀이터개수_-20%,놀이터개수 -20% 조정,놀이터개수,-20%,도촌동,0.3104,16,15,-1
놀이터개수_-20%,놀이터개수 -20% 조정,놀이터개수,-20%,분당동,0.4239,12,11,-1
놀이터개수_-20%,놀이터개수 -20% 조정,놀이터개수,-20%,수내1동,-0.2188,31,32,1
놀이터개수_-20%,놀이터개수 -20% 조정,놀이터개수,-20%,수내2동,-0.3919,40,40,0
놀이터개수_-20%,놀이터개수 -20% 조정,놀이터개수,-20%,수내3동,-0.1484,25,25,0
놀이터개수_-20%,놀이터개수 -20% 조정,놀이터개수,-20%,정자동,-0.2605,33,34,1
놀이터개수_-20%,놀이터개수 -20% 조정,놀이터개수,-20%,정자1동,0.6369,6,6,0
놀이터개수_-20%,놀이터개수 -20% 조정,놀이터개수,-20%,정자2동,-0.1965,28,29,1
놀이터개수_-20%,놀이터개수 -20% 조정,놀이터개수,-20%,정자3동,0.073,20,20,0
놀이터개수_-20%,놀이터개수 -20% 조정,놀이터개수,-20%,서현1동,0.3203,15,16,1
놀이터개수_-20%,놀이터개수 -20% 조정,놀이터개수,-20%,서현2동,0.123,19,18,-1
놀이터개수_-20%,놀이터개수 -20% 조정,놀이터개수,-20%,이매1동,0.3787,13,13,0
놀이터개수_-20%,놀이터개수 -20% 조정,놀이터개수,-20%,이매2동,-0.4034,42,42,0
놀이터개수_-20%,놀이터개수 -20% 조정,놀이터개수,-20%,야탑1동,-0.2982,35,33,-2
놀이터개수_-20%,놀이터개수 -20% 조정,놀이터개수,-20%,야탑2동,-0.269,34,37,3
놀이터개수_-20%,놀이터개수 -20% 조정,놀이터개수,-20%,야탑3동,0.5139,7,9,2
놀이터개수_-20%,놀이터개수 -20% 조정,놀이터개수,-20%,판교동,0.4443,11,10,-1
놀이터개수_-20%,놀이터개수 -20% 조정,놀이터개수,-20%,삼평동,-0.0833,23,24,1
놀이터개수_-20%,놀이터개수 -20% 조정,놀이터개수,-20%,백현동,0.335,14,14,0
놀이터개수_-20%,놀이터개수 -20% 조정,놀이터개수,-20%,금곡동,0.7455,5,5,0
놀이터개수_-20%,놀이터개수 -20% 조정,놀이터개수,-20%,구미1동,-0.1492,26,26,0
놀이터개수_-20%,놀이터개수 -20% 조정,놀이터개수,-20%,구미동,0.4461,10,12,2
놀이터개수_-20%,놀이터개수 -20% 조정,놀이터개수,-20%,운중동,1.1138,2,2,0
