구,행정동,시설번호,시설유형,실외,시설명,소재지주소,면적(제곱미터),설치일자,민간_공공구분,놀이기구종류,안전검사일_최종,안전관리자지정여부,보험가입여부,물놀이형놀이시설여부,데이터기준일자,위도,경도,설치연도,노후도,펫존거리,공공시설여부,면적,클러스터
분당구,운중동,408,주택단지,실외,산운마을9단지 대방노블랜드 놀이터,경기도 성남시 분당구 산운로 126,328.0,2008-12-10,민간,그네(1)+흔들놀이기구(3)+조합놀이대(2)+충격흡수용표면재(포설도포바닥재)(1),2022-08-30,Y,Y,N,2025-07-05,37.39216865,127.0755636,2008,17,2.74081813364627,0,328.0,2
분당구,운중동,456,주택단지,실외,판교 LIG건영아파트 놀이터,경기도 성남시 분당구 판교원로 7,328.0,2009-01-08,민간,그네(1)+흔들놀이기구(2)+조합놀이대(1)+충격흡수용표면재(포설도포바닥재)(1),2023-09-11,Y,Y,N,2025-07-05,37.39101732,127.0696995,2009,16,3.230035820957028,0,328.0,2
분당구,판교동,550,주택단지,실외,판교원마을12단지 휴먼시아 1207동 놀이터,경기도 성남시 분당구 서판교로 165,328.0,2009-04-06,민간,흔들놀이기구(4)+조합놀이대(1)+충격흡수용표면재(포설도포바닥재)(1),2023-03-30,Y,Y,N,2025-07-05,37.39984432,127.0934045,2009,16,1.5518595200438328,0,328.0,2
분당구,판교동,551,주택단지,실외,판교원마을11단지 휴먼시아힐스테이트 1113동옆 놀이터,경기도 성남시 분당구 서판교로 147,117.0,2009-04-06,민간,흔들놀이기구(3)+조합놀이대(1)+충격흡수용표면재(포설도포바닥재)(1),2023-05-22,Y,Y,N,2025-07-05,37.39799364,127.0956344,2009,16,1.3487214917892354,0,117.0,2
분당구,판교동,552,주택단지,실외,판교원마을11단지 휴먼시아힐스테이트 1108동앞 놀이터,경기도 성남시 분당구 서판교로 147,134.0,2009-04-06,민간,조합놀이대(1)+충격흡수용표면재(포설도포바닥재)(1),2023-05-22,Y,Y,N,2025-07-05,37.39799364,127.0956344,2009,16,1.3487214917892354,0,134.0,2
분당구,운중동,896,주택단지,실외,산운마을11단지 휴먼시아 1103동앞 놀이터,경기도 성남시 분당구 판교원로 68,328.0,2009-07-17,민간,그네(1)+흔들놀이기구(3)+조합놀이대(1)+충격흡수용표면재(포설도포바닥재)(1),2023-08-28,Y,Y,N,2025-07-05,37.38916312,127.07512,2009,16,2.7314568804682997,0,328.0,2
분당구,운중동,897,주택단지,실외,산운마을11단지 휴먼시아 1105동앞 놀이터,경기도 성남시 분당구 판교원로 68,328.0,2009-07-17,민간,흔들놀이기구(8)+조합놀이대(1)+충격흡수용표면재(포설도포바닥재)(1),2023-08-28,Y,Y,N,2025-07-05,37.38916312,127.07512,2009,16,2.7314568804682997,0,328.0,2
분당구,운중동,898,주택단지,실외,산운마을12단지 휴먼시아 1206동앞 놀이터,경기도 성남시 분당구 판교원로 46,328.0,2009-07-17,민간,흔들놀이기구(3)+조합놀이대(2)+충격흡수용표면재(포설도포바닥재)(1),2023-11-01,Y,Y,N,2025-07-05,37.38942324,127.0726657,2009,16,2.9499594114570926,0,328.0,2
분당구,운중동,899,주택단지,실외,산운마을12단지 휴먼시아 1207동앞 놀이터,경기도 성남시 분당구 판교원로 46,328.0,2009-07-17,민간,흔들놀이기구(5)+조합놀이대(1)+충격흡수용표면재(포설도포바닥재)(1),2023-08-07,Y,Y,N,2025-07-05,37.38942324,127.0726657,2009,16,2.9499594114570926,0,328.0,2
분당구,이매1동,915,도시공원,실외,과수원(20호) 어린이공원,경기도 성남시 분당구 이매동 103,316.5,2009-07-24,공공,그네(1)+흔들놀이기구(9)+조합놀이대(2)+충격흡수용표면재(모래)(1),2023-06-05,Y,Y,N,2025-07-05,37.40239208,127.1259935,2009,16,0.9826496474638854,1,316.5,2
분당구,판교동,941,주택단지,실외,판교원마을2단지푸르지오 놀이터,경기도 성남시 분당구 판교로 30,328.0,2009-07-31,민간,그네(1)+흔들놀이기구(2)+오르는기구(1)+조합놀이대(1)+충격흡수용표면재(포설도포바닥재)(1),2023-08-23,Y,Y,N,2025-07-05,37.38941308,127.0872895,2009,16,1.666429850759758,0,328.0,2
분당구,분당동,988,도시공원,실외,선지봉(42호) 어린이공원,경기도 성남시 분당구 분당동 179,316.5,2009-08-13,공공,그네(1)+흔들놀이기구(3)+조합놀이대(1)+충격흡수용표면재(모래)(1),2023-12-27,Y,Y,N,2025-07-05,37.36556153,127.1413484,2009,16,1.5904321723821973,1,316.5,2
분당구,판교동,1115,주택단지,실외,판교원마을3단지 유아놀이터,경기도 성남시 분당구 판교로 20,328.0,2009-09-03,민간,흔들놀이기구(2)+건너는기구(2)+조합놀이대(1)+충격흡수용표면재(포설도포바닥재)(1),2023-06-02,Y,Y,N,2025-07-05,37.3871768,127.0862328,2009,16,1.7402478696298918,0,328.0,2
분당구,판교동,1116,주택단지,실외,판교원마을3단지 산오름놀이터,경기도 성남시 분당구 판교로 20,328.0,2009-09-03,민간,그네(1)+흔들놀이기구(1)+건너는기구(1)+조합놀이대(3)+충격흡수용표면재(포설도포바닥재)(1),2023-06-23,Y,Y,N,2025-07-05,37.3871768,127.0862328,2009,16,1.7402478696298918,0,328.0,2
중원구,도촌동,1221,도시공원,실외,이왕이공원 놀이터,경기도 성남시 중원구 도촌동 648,316.5,2009-10-09,공공,흔들놀이기구(3)+조합놀이대(3)+충격흡수용표면재(포설도포바닥재)(1),2023-07-24,Y,Y,N,2025-07-05,37.41224548,127.1626588,2009,16,3.5190265682361734,1,316.5,2
분당구,판교동,1401,주택단지,실외,판교원마을13단지 휴먼시아 313동우측 놀이터,경기도 성남시 분당구 서판교로 193,466.0,2009-11-18,민간,흔들놀이기구(4)+조합놀이대(1)+충격흡수용표면재(포설도포바닥재)(1),2023-02-16,Y,Y,N,2025-07-05,37.40161015,127.0920153,2009,16,1.7029328290665355,0,466.0,2
분당구,판교동,1402,주택단지,실외,판교원마을13단지 휴먼시아 313동좌측 놀이터,경기도 성남시 분당구 서판교로 193,92.0,2009-11-18,민간,그네(1)+흔들놀이기구(2)+충격흡수용표면재(포설도포바닥재)(1),2023-02-16,Y,Y,N,2025-07-05,37.40161015,127.0920153,2009,16,1.7029328290665355,0,92.0,2
분당구,서현1동,1471,도시공원,실외,수련(36호) 어린이공원,경기도 성남시 분당구 서현동 314-1,316.5,2009-12-09,공공,그네(1)+흔들놀이기구(1)+조합놀이대(1)+충격흡수용표면재(모래)(1),2023-12-27,Y,Y,N,2025-07-05,37.37245825,127.1405939,2009,16,0.8921074288872554,1,316.5,2
분당구,이매1동,2211,도시공원,실외,매송(22호) 어린이공원,경기도 성남시 분당구 이매동 144,542.0,2010-06-29,공공,그네(1)+회전놀이기구(1)+흔들놀이기구(2)+조합놀이대(1)+충격흡수용표면재(모래)(1),2022-08-19,Y,Y,N,2025-07-05,37.39756328,127.1229641,2010,15,1.0716192792183088,1,542.0,2
분당구,이매1동,2212,도시공원,실외,방아다리(23호) 어린이공원,경기도 성남시 분당구 이매동 114,429.0,2010-06-29,공공,그네(1)+흔들놀이기구(4)+조합놀이대(1)+충격흡수용표면재(포설도포바닥재)(1),2023-04-28,Y,Y,N,2025-07-05,37.39771572,127.1257997,2010,15,1.3199473435843199,1,429.0,2
분당구,이매1동,2213,도시공원,실외,구렛들(25호) 어린이공원,경기도 성남시 분당구 이매동 119,365.0,2010-06-29,공공,그네(1)+흔들놀이기구(1)+조합놀이대(1)+충격흡수용표면재(모래)(1),2022-08-19,Y,Y,N,2025-07-05,37.39228209,127.1250549,2010,15,1.3748335562120504,1,365.0,2
분당구,서현1동,2214,도시공원,실외,솔밭(27호) 어린이공원,경기도 성남시 분당구 서현동 78-4,213.0,2010-06-29,공공,조합놀이대(1)+충격흡수용표면재(모래)(1),2023-06-01,Y,Y,N,2025-07-05,37.38448551,127.1305056,2010,15,0.9460081123807503,1,213.0,2
분당구,금곡동,2226,도시공원,실외,앞구미(57호) 어린이공원,경기도 성남시 분당구 금곡동 135,179.2,2010-07-01,공공,그네(1)+흔들놀이기구(3)+조합놀이대(1)+기타(1)+충격흡수용표면재(모래)(1),2022-08-19,Y,Y,N,2025-07-05,37.35365219,127.1134252,2010,15,1.3182253761038647,1,179.2,2
중원구,하대원동,2282,도시공원,실외,대원공원 놀이터(1),경기도 성남시 중원구 하대원동 204-2,314.0,2010-07-14,공공,그네(1)+흔들놀이기구(3)+조합놀이대(1)+기타(1)+충격흡수용표면재(모래)(1),2023-07-26,Y,Y,N,2025-07-05,37.43144489,127.1532151,2010,15,2.3655845352855893,1,314.0,2
분당구,운중동,2625,주택단지,실외,산운마을 판교윌든힐스3단지 놀이터,경기도 성남시 분당구 산운로 55,328.0,2010-10-05,민간,미끄럼틀(2)+흔들놀이기구(2)+오르는기구(1)+조합놀이대(1)+충격흡수용표면재(포설도포바닥재)(1),2022-08-02,Y,Y,N,2025-07-05,37.39294394,127.0679022,2010,15,3.4214057057399927,0,328.0,2
분당구,야탑3동,2868,주택단지,실외,목련마을 SK아파트 601동 놀이터,경기도 성남시 분당구 판교로743번길 7,328.0,2010-11-24,민간,그네(1)+흔들놀이기구(3)+조합놀이대(1)+충격흡수용표면재(모래)(1),2022-12-22,Y,Y,N,2025-07-05,37.40585853,127.155071,2010,15,2.89970280485023,0,328.0,2
분당구,야탑3동,2869,주택단지,실외,목련마을 SK아파트 604동 놀이터,경기도 성남시 분당구 판교로743번길 7,328.0,2010-11-24,민간,흔들놀이기구(1)+조합놀이대(1)+충격흡수용표면재(모래)(1),2022-12-22,Y,Y,N,2025-07-05,37.40585853,127.155071,2010,15,2.89970280485023,0,328.0,2
분당구,서현1동,3073,도시공원,실외,효자(33호) 어린이공원,경기도 성남시 분당구 서현동 294,482.0,2010-06-29,공공,그네(1)+흔들놀이기구(2)+조합놀이대(2)+기타(3)+충격흡수용표면재(모래)(2)+충격흡수용표면재(기타바닥재)(1),2023-10-25,Y,Y,N,2025-07-05,37.37608389,127.1350193,2010,15,0.9975162780337115,1,482.0,2
분당구,서현1동,3105,도시공원,실외,양영(35호) 어린이공원,경기도 성남시 분당구 서현동 317-1,531.0,2010-08-23,공공,그네(1)+조합놀이대(1)+충격흡수용표면재(모래)(1),2023-06-01,Y,Y,N,2025-07-05,37.37340851,127.1393417,2010,15,0.8656739160481893,1,531.0,2
분당구,판교동,3204,주택단지,실외,판교원마을7단지 모아미래도 707동앞 놀이터,경기도 성남시 분당구 판교원로 237,328.0,2010-11-25,민간,흔들놀이기구(2)+조합놀이대(1)+충격흡수용표면재(고무바닥재)(1),2022-11-22,Y,Y,N,2025-07-05,37.38760115,127.0921291,2010,15,1.2204559820381764,0,328.0,2
분당구,판교동,3205,주택단지,실외,판교원마을7단지 모아미래도 706동뒤 놀이터,경기도 성남시 분당구 판교원로 237,328.0,2010-11-25,민간,흔들놀이기구(3)+조합놀이대(1)+충격흡수용표면재(고무바닥재)(1),2022-11-22,Y,Y,N,2025-07-05,37.38760115,127.0921291,2010,15,1.2204559820381764,0,328.0,2
분당구,판교동,3206,주택단지,실외,판교원마을7단지 모아미래도 709동옆 놀이터,경기도 성남시 분당구 판교원로 237,328.0,2010-11-25,민간,흔들놀이기구(2)+조합놀이대(1)+충격흡수용표면재(고무바닥재)(1),2022-11-22,Y,Y,N,2025-07-05,37.38760115,127.0921291,2010,15,1.2204559820381764,0,328.0,2
분당구,서현1동,3224,도시공원,실외,소공원(28호) 어린이공원,경기도 성남시 분당구 서현동 324,450.5,2010-12-09,공공,그네(1)+흔들놀이기구(4)+조합놀이대(1)+충격흡수용표면재(모래)(1),2022-11-25,Y,Y,N,2025-07-05,37.37951866,127.1368474,2010,15,0.7614867518525786,1,450.5,2
분당구,이매1동,16102,도시공원,실외,이매길(24호) 어린이공원,경기도 성남시 분당구 이매동 148,393.0,2011-08-22,공공,그네(1)+흔들놀이기구(3)+조합놀이대(1)+충격흡수용표면재(모래)(1),2023-06-05,Y,Y,N,2025-07-05,37.39318317,127.122247,2011,14,1.164059082661956,1,393.0,2
분당구,서현1동,16108,도시공원,실외,분당(32호) 어린이공원,경기도 성남시 분당구 서현동 94-1,498.0,2011-08-22,공공,그네(1)+흔들놀이기구(2)+조합놀이대(1)+기타(2)+충격흡수용표면재(모래)(1),2023-06-01,Y,Y,N,2025-07-05,37.37910757,127.1312354,2011,14,0.8985644512373021,1,498.0,2
분당구,구미동,16123,도시공원,실외,까치마을(61호) 어린이공원,경기도 성남시 분당구 구미동 73,191.0,2011-07-13,공공,흔들놀이기구(3)+건너는기구(1)+조합놀이대(1)+충격흡수용표면재(모래)(1)+충격흡수용표면재(포설도포바닥재)(1),2023-06-12,Y,N,N,2025-07-05,37.35109979,127.1181756,2011,14,0.9589474882247098,1,191.0,2
분당구,구미동,16125,도시공원,실외,수평(65호) 어린이공원,경기도 성남시 분당구 구미동 138,181.0,2011-07-13,공공,흔들놀이기구(4)+조합놀이대(1)+충격흡수용표면재(모래)(1),2023-06-12,Y,N,N,2025-07-05,37.34470428,127.1109257,2011,14,0.7060417309188319,1,181.0,2
분당구,구미동,16128,도시공원,실외,불곡(70호) 어린이공원,경기도 성남시 분당구 구미동 294,215.0,2011-07-13,공공,그네(1)+흔들놀이기구(2)+조합놀이대(1)+충격흡수용표면재(포설도포바닥재)(1),2023-12-20,Y,Y,N,2025-07-05,37.34471912,127.1265711,2011,14,0.7636800449802735,1,215.0,2
분당구,구미동,16129,도시공원,실외,덕봉(74호) 어린이공원,경기도 성남시 분당구 구미동 279,180.0,2011-07-13,공공,그네(1)+흔들놀이기구(4)+조합놀이대(1)+충격흡수용표면재(모래)(1),2023-06-12,Y,Y,N,2025-07-05,37.34221722,127.1258216,2011,14,0.6562588918850968,1,180.0,2
분당구,구미동,16130,도시공원,실외,넘말(75호) 어린이공원,경기도 성남시 분당구 구미동 239,180.0,2011-07-13,공공,흔들놀이기구(5)+조합놀이대(1)+충격흡수용표면재(모래)(1),2023-06-12,Y,Y,N,2025-07-05,37.34047978,127.1247866,2011,14,0.6062970434806849,1,180.0,2
분당구,구미동,16131,도시공원,실외,큰골(76호) 어린이공원,경기도 성남시 분당구 구미동 252,182.0,2011-07-13,공공,흔들놀이기구(3)+조합놀이대(1)+충격흡수용표면재(모래)(1),2023-06-12,Y,Y,N,2025-07-05,37.34019461,127.126057,2011,14,0.7225082490411089,1,182.0,2
분당구,이매1동,16174,주택단지,실외,아름마을 효성아파트 관리동옆,경기도 성남시 분당구 이매로 16,197.29,2014-05-14,민간,그네(1)+흔들놀이기구(3)+조합놀이대(1)+충격흡수용표면재(모래)(1),2024-05-08,Y,Y,N,2025-07-05,37.39345463,127.1216457,2014,11,1.1029687886612933,0,197.29,2
분당구,금곡동,16202,주택단지,실외,청솔계룡아파트 107동옆 놀이터,경기도 성남시 분당구 정자일로 30,700.0,2011-11-30,민간,흔들놀이기구(1)+조합놀이대(1)+충격흡수용표면재(모래)(1),2023-11-02,Y,Y,N,2025-07-05,37.35272315,127.1078203,2011,14,1.4742352260136355,0,700.0,2
분당구,금곡동,16203,주택단지,실외,청솔계룡아파트 111동옆 놀이터,경기도 성남시 분당구 정자일로 30,600.0,2011-11-30,민간,그네(1)+흔들놀이기구(2)+조합놀이대(1)+충격흡수용표면재(모래)(1),2023-11-02,Y,Y,N,2025-07-05,37.35272315,127.1078203,2011,14,1.4742352260136355,0,600.0,2
분당구,판교동,16258,주택단지,실외,판교원마을 5단지 (504동 앞),경기도 성남시 분당구 판교원로 207,184.0,2009-09-01,민간,그네(1)+조합놀이대(1)+기타(3)+충격흡수용표면재(모래)(1)+충격흡수용표면재(포설도포바닥재)(1),2023-09-13,Y,Y,N,2025-07-05,37.38663517,127.0887016,2009,16,1.5230894258363732,0,184.0,2
분당구,판교동,16259,주택단지,실외,판교원마을 5단지 (505동 앞),경기도 성남시 분당구 판교원로 207,226.0,2009-09-01,민간,그네(1)+흔들놀이기구(1)+오르는기구(1)+조합놀이대(1)+충격흡수용표면재(포설도포바닥재)(1),2023-09-13,Y,Y,N,2025-07-05,37.38663517,127.0887016,2009,16,1.5230894258363732,0,226.0,2
분당구,판교동,16260,주택단지,실외,판교원마을 5단지 (502동 앞),경기도 성남시 분당구 판교원로 207,176.52,2009-09-01,민간,흔들놀이기구(2)+조합놀이대(1)+기타(1)+충격흡수용표면재(포설도포바닥재)(1),2023-09-13,Y,Y,N,2025-07-05,37.38663517,127.0887016,2009,16,1.5230894258363732,0,176.52,2
분당구,금곡동,16275,주택단지,실외,청솔마을 서광영남아파트 (101동),경기도 성남시 분당구 성남대로171번길 8,374.0,2012-01-01,민간,그네(1)+흔들놀이기구(4)+오르는기구(1)+조합놀이대(1)+충격흡수용표면재(모래)(1),2022-09-23,Y,Y,N,2025-07-05,37.35213586,127.1073294,2012,13,1.4532504507821764,0,374.0,2
분당구,금곡동,16276,주택단지,실외,청솔마을 서광영남아파트 (104동),경기도 성남시 분당구 성남대로171번길 8,328.0,2012-01-01,민간,그네(1)+흔들놀이기구(4)+오르는기구(1)+조합놀이대(1)+충격흡수용표면재(모래)(1),2022-09-23,Y,Y,N,2025-07-05,37.35213586,127.1073294,2012,13,1.4532504507821764,0,328.0,2
분당구,야탑3동,16283,주택단지,실외,목련마을 한신아파트,경기도 성남시 분당구 판교로 627,305.1,2005-10-01,민간,그네(1)+정글짐(1)+흔들놀이기구(4)+조합놀이대(1)+충격흡수용표면재(모래)(1),2023-09-13,Y,Y,N,2025-07-05,37.40690441,127.1427854,2005,20,1.8148978313382091,0,305.1,2
분당구,야탑3동,16330,주택단지,실외,분당 대진빌라 805동옆 놀이터,경기도 성남시 분당구 판교로 654,255.762,2005-05-01,민간,흔들놀이기구(2)+조합놀이대(1)+충격흡수용표면재(모래)(1),2022-12-08,Y,Y,N,2025-07-05,37.40518973,127.1451838,2005,20,2.071038151939551,0,255.762,2
중원구,하대원동,16346,주택단지,실외,성원초원아파트,경기도 성남시 중원구 원터로18번길 19,737.78,2006-11-30,민간,그네(1)+흔들놀이기구(2)+조합놀이대(1)+충격흡수용표면재(모래)(1),2022-11-07,Y,Y,N,2025-07-05,37.42975422,127.1457384,2006,19,2.4360020114680982,0,737.78,2
중원구,성남동,16348,주택단지,실외,성남동 금호어울림아파트 놀이터,경기도 성남시 중원구 둔촌대로171번길 6,647.0,2006-08-29,민간,그네(1)+흔들놀이기구(5)+조합놀이대(1)+충격흡수용표면재(포설도포바닥재)(1),2023-06-16,Y,Y,N,2025-07-05,37.43096309,127.137717,2006,19,1.7265374553768786,0,647.0,2
중원구,하대원동,16349,주택단지,실외,하대원 아튼빌 1005동뒤 놀이터,경기도 성남시 중원구 둔촌대로 300,570.0,2003-03-10,민간,그네(2)+흔들놀이기구(2)+조합놀이대(1)+충격흡수용표면재(포설도포바닥재)(1),2023-08-01,Y,Y,N,2025-07-05,37.42910503,127.1498519,2003,22,2.760247283739611,0,570.0,2
중원구,도촌동,16351,주택단지,실외,동분당포레스트 경비실 옆 놀이터,경기도 성남시 중원구 도촌남로 67,275.0,2007-12-10,민간,조합놀이대(1)+충격흡수용표면재(포설도포바닥재)(1),2024-04-25,Y,Y,N,2025-07-05,37.41490038,127.1541489,2007,18,2.80014543210982,0,275.0,2
중원구,하대원동,16370,주택단지,실외,성남자이아파트 103동 놀이터,경기도 성남시 중원구 둔촌대로 363,176.99,2007-07-24,민간,그네(1)+흔들놀이기구(4)+조합놀이대(1)+충격흡수용표면재(고무바닥재)(1),2022-08-08,Y,Y,N,2025-07-05,37.43295121,127.155697,2007,18,2.0912413478555556,0,176.99,2
중원구,도촌동,23054,주택단지,실외,도촌휴먼시아 섬마을5단지 512동 놀이터,경기도 성남시 중원구 도촌북로 78,328.0,2009-02-16,민간,흔들놀이기구(3)+조합놀이대(1)+충격흡수용표면재(포설도포바닥재)(1),2023-01-27,Y,Y,N,2025-07-05,37.41539596,127.1586254,2009,16,3.1992335202581486,0,328.0,2
분당구,야탑3동,23673,공공도서관,실외,도서관사업소 놀이터(1),경기도 성남시 분당구 판교로 546,380.0,2008-06-09,공공,조합놀이대(1)+충격흡수용표면재(모래)(1),2022-10-31,Y,Y,N,2025-07-05,37.4039669,127.134723,2008,17,1.2993767443934294,1,380.0,2
분당구,백현동,23877,도시공원,실외,숲안(판교12호) 어린이공원,경기도 성남시 분당구 백현동 548,259.0,2009-12-04,공공,그네(1)+미끄럼틀(2)+흔들놀이기구(3)+오르는기구(1)+조합놀이대(3)+충격흡수용표면재(포설도포바닥재)(1),2023-09-08,Y,Y,N,2025-07-05,37.38901895,127.1158529,2009,16,0.9016885107410104,1,259.0,2
분당구,백현동,23878,도시공원,실외,물방울(판교13호) 어린이공원,경기도 성남시 분당구 백현동 606,478.0,2009-12-04,공공,흔들놀이기구(3)+조합놀이대(2)+충격흡수용표면재(포설도포바닥재)(1),2023-06-14,Y,Y,N,2025-07-05,37.38670278,127.1158533,2009,16,0.8526776895127656,1,478.0,2
분당구,야탑3동,24682,공공도서관,실외,도서관사업소 놀이터(2),경기도 성남시 분당구 판교로 546,729.0,2008-07-13,공공,그네(1)+흔들놀이기구(3)+충격흡수용표면재(고무바닥재)(1),2022-10-31,Y,Y,N,2025-07-05,37.4039669,127.134723,2008,17,1.2993767443934294,1,729.0,2
분당구,이매1동,24823,도시공원,실외,누엣길(26호) 어린이공원,경기도 성남시 분당구 이매동 125,316.5,2008-07-29,공공,그네(1)+회전놀이기구(1)+흔들놀이기구(5)+조합놀이대(1)+충격흡수용표면재(모래)(1),2022-08-19,Y,Y,N,2025-07-05,37.38988924,127.1256515,2008,17,1.1363532819213233,1,316.5,2
분당구,판교동,24961,도시공원,실외,미르(판교7호) 어린이공원,경기도 성남시 분당구 판교동 547,256.0,2010-10-08,공공,그네(1)+미끄럼틀(1)+흔들놀이기구(2)+조합놀이대(2)+충격흡수용표면재(포설도포바닥재)(1),2023-06-22,Y,Y,N,2025-07-05,37.39500141,127.0991679,2010,15,1.060368486910793,1,256.0,2
분당구,운중동,25134,주택단지,실외,산운마을2단지 월든힐스아파트 208동 옆 놀이터,경기도 성남시 분당구 산운로 37,130.0,2010-10-11,민간,흔들놀이기구(3)+조합놀이대(1)+충격흡수용표면재(포설도포바닥재)(1),2022-11-04,Y,Y,N,2025-07-05,37.39295702,127.0664387,2010,15,3.5487156003959934,0,130.0,2
분당구,운중동,28042,주택단지,실외,산운마을13단지 데시앙 1307동,경기도 성남시 분당구 판교원로82번길 30,328.0,2010-05-25,민간,흔들놀이기구(1)+조합놀이대(2)+기타(1)+충격흡수용표면재(포설도포바닥재)(1)+충격흡수용표면재(기타바닥재)(1),2024-06-13,Y,Y,N,2025-07-05,37.38537056,127.0734975,2010,15,2.872051704121945,0,328.0,2
분당구,운중동,28043,주택단지,실외,산운마을13단지 데시앙 1302동,경기도 성남시 분당구 판교원로82번길 30,328.0,2010-05-25,민간,그네(1)+조합놀이대(2)+충격흡수용표면재(포설도포바닥재)(1)+충격흡수용표면재(기타바닥재)(1),2024-06-13,Y,Y,N,2025-07-05,37.38537056,127.0734975,2010,15,2.872051704121945,0,328.0,2
분당구,운중동,28044,주택단지,실외,산운마을13단지 데시앙 1310동,경기도 성남시 분당구 판교원로82번길 30,280.0,2010-05-25,민간,그네(1)+흔들놀이기구(1)+조합놀이대(1)+충격흡수용표면재(포설도포바닥재)(1),2024-06-13,Y,Y,N,2025-07-05,37.38537056,127.0734975,2010,15,2.872051704121945,0,280.0,2
분당구,운중동,28284,주택단지,실외,산운마을13단지 데시앙 1312동,경기도 성남시 분당구 판교원로82번길 30,328.0,2010-05-25,민간,흔들놀이기구(2)+조합놀이대(1)+기타(1)+충격흡수용표면재(모래)(1)+충격흡수용표면재(포설도포바닥재)(1),2024-06-13,Y,Y,N,2025-07-05,37.38537056,127.0734975,2010,15,2.872051704121945,0,328.0,2
분당구,운중동,28547,주택단지,실외,산운마을7단지아파트 702동 앞 놀이터1,경기도 성남시 분당구 산운로 135,292.0,2010-05-28,민간,그네(1)+흔들놀이기구(3)+건너는기구(1)+조합놀이대(1)+충격흡수용표면재(포설도포바닥재)(1),2023-11-03,Y,Y,N,2025-07-05,37.39618693,127.0794209,2010,15,2.5496052358082086,0,292.0,2
분당구,운중동,28548,주택단지,실외,산운마을7단지아파트 711동 앞 놀이터,경기도 성남시 분당구 산운로 135,328.0,2010-06-08,민간,흔들놀이기구(3)+오르는기구(2)+조합놀이대(1)+충격흡수용표면재(포설도포바닥재)(1),2023-11-03,Y,Y,N,2025-07-05,37.39618693,127.0794209,2010,15,2.5496052358082086,0,328.0,2
분당구,운중동,29046,주택단지,실외,산운마을5단지 한성필하우스 101동 앞 놀이터,경기도 성남시 분당구 산운로 97,328.0,2009-02-26,민간,그네(1)+흔들놀이기구(4)+조합놀이대(1)+충격흡수용표면재(포설도포바닥재)(1),2023-01-19,Y,N,N,2025-07-05,37.39343644,127.0717113,2009,16,3.10353580522646,0,328.0,2
중원구,도촌동,29582,주택단지,실외,도촌휴먼시아 섬마을5단지 504동 놀이터,경기도 성남시 중원구 도촌북로 78,276.8,2009-02-16,민간,흔들놀이기구(5)+조합놀이대(1)+충격흡수용표면재(포설도포바닥재)(1),2023-02-23,Y,Y,N,2025-07-05,37.41539596,127.1586254,2009,16,3.1992335202581486,0,276.8,2
중원구,도촌동,29583,주택단지,실외,도촌휴먼시아 섬마을5단지 506동 놀이터,경기도 성남시 중원구 도촌북로 78,328.0,2009-02-16,민간,흔들놀이기구(4)+조합놀이대(1)+충격흡수용표면재(포설도포바닥재)(1),2023-01-27,Y,Y,N,2025-07-05,37.41539596,127.1586254,2009,16,3.1992335202581486,0,328.0,2
중원구,중앙동,29950,도시공원,실외,대원공원 축복놀이터,경기도 성남시 중원구 중앙동 2169,316.5,2006-01-01,공공,그네(1)+흔들놀이기구(2)+조합놀이대(1)+충격흡수용표면재(모래)(1),2023-07-26,Y,Y,N,2025-07-05,37.4406474,127.1545391,2006,19,1.7181139092417426,1,316.5,2
중원구,중앙동,29967,도시공원,실외,대원공원 햇빛 물이용놀이터,경기도 성남시 중원구 중앙동 1436,316.5,2006-10-25,공공,그네(1)+흔들놀이기구(2)+조합놀이대(1)+물이용놀이기구(조합놀이대형)(1)+물이용놀이기구(기타)+ 단품)(1)+충격흡수용표면재(포설도포바닥재)(1),2023-08-10,Y,Y,Y,2025-07-05,37.44223415,127.1573559,2006,19,1.4262715989914196,1,316.5,2
중원구,은행2동,29969,도시공원,실외,은행2동 은행 어린이공원,경기도 성남시 중원구 은행2동 1417-1,316.5,2007-04-04,공공,흔들놀이기구(2)+조합놀이대(1)+충격흡수용표면재(포설도포바닥재)(1),2023-03-20,Y,Y,N,2025-07-05,37.45544056,127.1651569,2007,18,1.2539521697165732,1,316.5,2
분당구,운중동,30665,주택단지,실외,산운마을8단지 부영아파트 중앙놀이터,경기도 성남시 분당구 산운로 98,205.0,2008-12-01,민간,그네(1)+흔들놀이기구(3)+조합놀이대(1)+충격흡수용표면재(포설도포바닥재)(1),2023-04-17,Y,Y,N,2025-07-05,37.39202261,127.0719187,2008,17,3.053789368365637,0,205.0,2
분당구,운중동,30666,주택단지,실외,산운마을8단지 부영아파트 804동 옆 놀이터,경기도 성남시 분당구 산운로 98,328.0,2008-12-01,민간,흔들놀이기구(3)+조합놀이대(1)+충격흡수용표면재(포설도포바닥재)(1),2023-04-17,Y,Y,N,2025-07-05,37.39202261,127.0719187,2008,17,3.053789368365637,0,328.0,2
중원구,도촌동,31024,주택단지,실외,도촌휴먼시아 섬마을1단지 116동 놀이터,경기도 성남시 중원구 도촌남로 22,328.0,2010-11-01,민간,흔들놀이기구(2)+조합놀이대(1)+충격흡수용표면재(포설도포바닥재)(1),2023-06-21,Y,Y,N,2025-07-05,37.4141394,127.148285,2010,15,2.2753922851875865,0,328.0,2
중원구,하대원동,31774,도시공원,실외,하대원동 둔촌 어린이공원,경기도 성남시 중원구 하대원동 249-1,81.0,2007-04-04,공공,그네(2)+미끄럼틀(1)+공중놀이기구(1)+흔들놀이기구(1)+오르는기구(1)+건너는기구(1)+조합놀이대(1)+충격흡수용표면재(포설도포바닥재)(1),2023-12-01,Y,Y,N,2025-07-05,37.42759729,127.151604,2007,18,2.769755264942147,1,81.0,2
분당구,금곡동,32018,주택단지,실외,청솔마을 화인아파트 205동 앞 놀이터,경기도 성남시 분당구 정자일로 46,8.0,2010-12-16,민간,그네(1)+흔들놀이기구(4)+오르는기구(1)+조합놀이대(1)+충격흡수용표면재(모래)(1),2022-12-08,Y,Y,N,2025-07-05,37.35454107,127.1063184,2010,15,1.6025634618134015,0,8.0,2
분당구,운중동,32832,주택단지,실외,산운마을10단지 대광로제비앙1차 놀이터,경기도 성남시 분당구 판교원로81번길 15,328.0,2009-06-17,민간,그네(1)+흔들놀이기구(4)+조합놀이대(1)+충격흡수용표면재(포설도포바닥재)(1),2023-11-21,Y,Y,N,2025-07-05,37.39063233,127.0751171,2009,16,2.7500778025494235,0,328.0,2
분당구,분당동,34363,도시공원,실외,태현공원 놀이터,경기도 성남시 분당구 분당동 88,1338.0,2009-09-03,공공,그네(1)+흔들놀이기구(3)+조합놀이대(1)+충격흡수용표면재(모래)(1),2023-08-16,Y,Y,N,2025-07-05,37.36945584,127.1436787,2009,16,1.1263555556569456,1,1338.0,2
분당구,서현1동,34806,주택단지,실외,효자촌삼환아파트 505동 놀이터,경기도 성남시 분당구 불정로 361,328.0,2010-12-20,민간,그네(1)+흔들놀이기구(3)+오르는기구(1)+조합놀이대(1)+충격흡수용표면재(모래)(1),2022-12-13,Y,Y,N,2025-07-05,37.37385567,127.1333377,2010,15,1.2410749084033372,0,328.0,2
분당구,서현1동,34807,주택단지,실외,효자촌삼환아파트 502동 놀이터,경기도 성남시 분당구 불정로 361,328.0,2010-12-20,민간,그네(1)+흔들놀이기구(3)+조합놀이대(1)+충격흡수용표면재(모래)(1),2022-12-13,Y,Y,N,2025-07-05,37.37385567,127.1333377,2010,15,1.2410749084033372,0,328.0,2
분당구,서현1동,34808,주택단지,실외,효자촌삼환아파트 511동 놀이터,경기도 성남시 분당구 불정로 361,328.0,2010-12-20,민간,그네(1)+흔들놀이기구(3)+조합놀이대(1)+충격흡수용표면재(모래)(1),2022-12-13,Y,Y,N,2025-07-05,37.37385567,127.1333377,2010,15,1.2410749084033372,0,328.0,2
중원구,하대원동,34955,주택단지,실외,태연스카이빌아파트 놀이터,경기도 성남시 중원구 둔촌대로 274,328.0,2010-11-04,민간,흔들놀이기구(3)+오르는기구(2)+조합놀이대(1)+충격흡수용표면재(고무바닥재)(1),2023-06-26,Y,Y,N,2025-07-05,37.4287498,127.1488907,2010,15,2.7356642628220085,0,328.0,2
분당구,금곡동,35033,주택단지,실외,청솔마을 공무원아파트 502동 놀이터,경기도 성남시 분당구 금곡로 263,8.0,2010-12-03,민간,그네(1)+흔들놀이기구(4)+오르는기구(2)+조합놀이대(1)+충격흡수용표면재(모래)(1),2022-09-06,Y,Y,N,2025-07-05,37.35534392,127.1116584,2010,15,1.5132920871211522,0,8.0,2
중원구,도촌동,35166,주택단지,실외,도촌휴먼시아 섬마을1단지 111동 놀이터,경기도 성남시 중원구 도촌남로 22,328.0,2010-11-01,민간,그네(1)+흔들놀이기구(3)+조합놀이대(2)+충격흡수용표면재(포설도포바닥재)(1),2023-06-21,Y,Y,N,2025-07-05,37.4141394,127.148285,2010,15,2.2753922851875865,0,328.0,2
중원구,도촌동,35221,주택단지,실외,도촌휴먼시아 섬마을1단지 107동 놀이터,경기도 성남시 중원구 도촌남로 22,328.0,2010-11-01,민간,그네(1)+조합놀이대(1)+기타(3)+충격흡수용표면재(포설도포바닥재)(1),2023-06-21,Y,Y,N,2025-07-05,37.4141394,127.148285,2010,15,2.2753922851875865,0,328.0,2
중원구,도촌동,35222,주택단지,실외,도촌휴먼시아 섬마을1단지 113동 놀이터,경기도 성남시 중원구 도촌남로 22,636.0,2010-11-01,민간,흔들놀이기구(2)+조합놀이대(1)+충격흡수용표면재(포설도포바닥재)(1),2023-06-21,Y,Y,N,2025-07-05,37.4141394,127.148285,2010,15,2.2753922851875865,0,636.0,2
분당구,구미동,35355,도시공원,실외,샘터(62호) 어린이공원,경기도 성남시 분당구 구미동 87,316.5,2010-12-02,공공,그네(1)+흔들놀이기구(2)+조합놀이대(1)+기타(1)+충격흡수용표면재(모래)(1)+충격흡수용표면재(기타바닥재)(1),2022-10-17,Y,Y,N,2025-07-05,37.34880001,127.1186145,2010,15,0.7032517148572056,1,316.5,2
분당구,운중동,35539,주택단지,실외,산운마을1단지 휴먼시아연립 106동 뒤 놀이터,경기도 성남시 분당구 산운로 7,328.0,2010-12-03,민간,흔들놀이기구(3)+조합놀이대(1)+충격흡수용표면재(포설도포바닥재)(1),2022-11-14,Y,N,N,2025-07-05,37.39412536,127.0618236,2010,15,3.973648903158268,0,328.0,2
분당구,야탑3동,35900,주택단지,실외,매화마을 동신건영2차연립 놀이터,경기도 성남시 분당구 벌말로30번길 12,328.0,2010-11-22,민간,그네(1)+조합놀이대(1)+충격흡수용표면재(모래)(1),2022-11-10,Y,Y,N,2025-07-05,37.41014181,127.1388152,2010,15,1.4121460493369062,0,328.0,2
분당구,금곡동,36107,주택단지,실외,청솔6단지 609동 놀이터,경기도 성남시 분당구 미금로 246,328.0,2009-11-02,민간,흔들놀이기구(4)+조합놀이대(1)+충격흡수용표면재(포설도포바닥재)(1),2023-06-01,Y,Y,N,2025-07-05,37.35462403,127.1099976,2009,16,1.5415904331216987,0,328.0,2
분당구,금곡동,36109,주택단지,실외,청솔6단지 유아놀이터,경기도 성남시 분당구 미금로 246,328.0,2009-11-02,민간,흔들놀이기구(4)+조합놀이대(1)+충격흡수용표면재(포설도포바닥재)(1),2023-10-05,Y,Y,N,2025-07-05,37.35462403,127.1099976,2009,16,1.5415904331216987,0,328.0,2
중원구,하대원동,36419,도시공원,실외,대원공원 놀이터(3),경기도 성남시 중원구 시민로 50,183.0,2009-08-31,공공,흔들놀이기구(1)+건너는기구(1)+기타(2)+충격흡수용표면재(기타바닥재)(1),2022-11-22,Y,Y,N,2025-07-05,37.43468127,127.1491869,2009,16,2.4336204925957743,1,183.0,2
중원구,은행2동,36422,도시공원,실외,은행공원 물이용놀이터,경기도 성남시 중원구 금빛로112번길 35,1163.0,2009-08-31,공공,물이용놀이기구(조합놀이대형)(1)+물이용놀이기구(기타)+ 단품)(1)+충격흡수용표면재(포설도포바닥재)(1),2023-07-24,Y,Y,Y,2025-07-05,37.45319445,127.1690265,2009,16,0.8728658302136879,1,1163.0,2
분당구,구미동,36423,도시공원,실외,진고개공원 놀이터,경기도 성남시 분당구 구미동 209,316.5,2009-09-03,공공,조합놀이대(1)+기타(1)+충격흡수용표면재(포설도포바닥재)(1),2023-08-14,Y,N,N,2025-07-05,37.33541051,127.11461,2009,16,0.8544706589573451,1,316.5,2
분당구,운중동,36496,주택단지,실외,산운마을14단지 경남아너스빌 1408동 앞 맑은물빛놀이터,경기도 성남시 분당구 판교원로82번길 60,238.0,2009-08-03,민간,그네(1)+흔들놀이기구(1)+조합놀이대(1)+충격흡수용표면재(포설도포바닥재)(1),2023-08-29,Y,Y,N,2025-07-05,37.38305994,127.0739908,2009,16,2.8578278686239442,0,238.0,2
분당구,운중동,36497,주택단지,실외,산운마을14단지 경남아너스빌 커뮤니티센터 뒤 유아놀이터,경기도 성남시 분당구 판교원로82번길 60,328.0,2009-08-11,민간,흔들놀이기구(1)+건너는기구(1)+기타(1)+충격흡수용표면재(포설도포바닥재)(1),2023-08-29,Y,Y,N,2025-07-05,37.38305994,127.0739908,2009,16,2.8578278686239442,0,328.0,2
분당구,운중동,36498,주택단지,실외,산운마을14단지 경남아너스빌 1411동 앞 도담놀이마당,경기도 성남시 분당구 판교원로82번길 60,687.3,2009-07-22,민간,흔들놀이기구(2)+조합놀이대(1)+충격흡수용표면재(포설도포바닥재)(1),2023-08-29,Y,Y,N,2025-07-05,37.38305994,127.0739908,2009,16,2.8578278686239442,0,687.3,2
분당구,운중동,36793,도시공원,실외,바람길(판교1호) 어린이공원,경기도 성남시 분당구 운중동 889,316.5,2009-09-08,공공,그네(2)+흔들놀이기구(5)+조합놀이대(2)+충격흡수용표면재(모래)(1)+충격흡수용표면재(포설도포바닥재)(1),2024-05-03,Y,Y,N,2025-07-05,37.3921138,127.0666836,2009,16,3.5114311263836084,1,316.5,2
분당구,운중동,36794,도시공원,실외,물빛(판교2호) 어린이공원,경기도 성남시 분당구 운중동 900,316.5,2009-09-08,공공,그네(1)+흔들놀이기구(2)+조합놀이대(1)+충격흡수용표면재(포설도포바닥재)(1),2024-04-24,Y,Y,N,2025-07-05,37.39109028,127.0672527,2009,16,3.4454031030979153,1,316.5,2
분당구,판교동,36801,주택단지,실외,판교대광로제비앙아파트(원마을6단지)놀이터(1),경기도 성남시 분당구 판교원로 209,328.0,2009-09-09,민간,흔들놀이기구(2)+조합놀이대(1)+충격흡수용표면재(고무바닥재)(1),2023-05-31,Y,Y,N,2025-07-05,37.38800019,127.0906455,2009,16,1.3538885745002571,0,328.0,2
분당구,판교동,36802,주택단지,실외,판교대광로제비앙아파트(원마을6단지)놀이터(2),경기도 성남시 분당구 판교원로 209,328.0,2009-09-09,민간,그네(1)+조합놀이대(1)+충격흡수용표면재(고무바닥재)(1),2023-05-31,Y,Y,N,2025-07-05,37.38800019,127.0906455,2009,16,1.3538885745002571,0,328.0,2
분당구,구미동,37104,도시공원,실외,뒷구미(59호) 어린이공원,경기도 성남시 분당구 구미동 32,316.5,2009-07-16,공공,그네(1)+흔들놀이기구(1)+조합놀이대(1)+충격흡수용표면재(모래)(1),2023-08-08,Y,Y,N,2025-07-05,37.34897437,127.1112826,2009,16,0.9582816810330989,1,316.5,2
분당구,금곡동,37175,도시공원,실외,파랑새(71호) 어린이공원,경기도 성남시 분당구 금곡동 183,316.5,2009-09-10,공공,그네(2)+흔들놀이기구(3)+조합놀이대(1)+충격흡수용표면재(포설도포바닥재)(1),2022-12-05,Y,Y,N,2025-07-05,37.35507765,127.1064038,2009,16,1.5424410054649624,1,316.5,2
분당구,판교동,37519,주택단지,실외,판교원마을1단지109동 앞 놀이터,경기도 성남시 분당구 판교로 50,328.0,2009-09-16,민간,흔들놀이기구(2)+오르는기구(1)+조합놀이대(1)+충격흡수용표면재(포설도포바닥재)(1),2023-10-16,Y,Y,N,2025-07-05,37.39072492,127.086502,2009,16,1.7625306812259756,0,328.0,2
분당구,판교동,37520,주택단지,실외,판교원마을1단지108동 놀이터,경기도 성남시 분당구 판교로 50,328.0,2009-09-16,민간,그네(1)+흔들놀이기구(2)+조합놀이대(1)+충격흡수용표면재(포설도포바닥재)(1),2023-10-16,Y,Y,N,2025-07-05,37.39072492,127.086502,2009,16,1.7625306812259756,0,328.0,2
분당구,판교동,37521,주택단지,실외,판교원마을1단지 112동 코끼리놀이터,경기도 성남시 분당구 판교로 50,328.0,2009-09-16,민간,흔들놀이기구(2)+조합놀이대(1)+충격흡수용표면재(포설도포바닥재)(1),2023-10-16,Y,N,N,2025-07-05,37.39072492,127.086502,2009,16,1.7625306812259756,0,328.0,2
분당구,판교동,37522,주택단지,실외,판교원마을1단지 107동 유아놀이터,경기도 성남시 분당구 판교로 50,328.0,2009-09-16,민간,흔들놀이기구(1)+오르는기구(1)+충격흡수용표면재(포설도포바닥재)(1),2023-10-16,Y,N,N,2025-07-05,37.39072492,127.086502,2009,16,1.7625306812259756,0,328.0,2
분당구,야탑3동,37799,주택단지,실외,매화마을화성빌리지 놀이터,경기도 성남시 분당구 벌말로50번길 14,97.0,2009-10-20,민간,그네(1)+흔들놀이기구(3)+조합놀이대(1)+충격흡수용표면재(모래)(1),2023-04-20,Y,Y,N,2025-07-05,37.41148849,127.1391112,2009,16,1.4376010998164703,0,97.0,2
분당구,서현1동,39183,도시공원,실외,서당(34호) 어린이공원,경기도 성남시 분당구 서현동 302-1,539.0,2010-06-10,공공,조합놀이대(1)+기타(1)+충격흡수용표면재(모래)(1),2022-11-25,Y,Y,N,2025-07-05,37.37525181,127.1345294,2010,15,1.0748886895151712,1,539.0,2
분당구,서현1동,39184,도시공원,실외,미래(37호) 어린이공원,경기도 성남시 분당구 서현동 309,529.0,2010-06-10,공공,그네(1)+흔들놀이기구(3)+조합놀이대(2)+기타(2)+충격흡수용표면재(모래)(1)+충격흡수용표면재(포설도포바닥재)(1),2023-06-01,Y,Y,N,2025-07-05,37.37104901,127.1360062,2010,15,1.2564431885349379,1,529.0,2
분당구,분당동,39187,도시공원,실외,동문(40호) 어린이공원,경기도 성남시 분당구 분당동 124,986.0,2010-06-10,공공,조합놀이대(1)+충격흡수용표면재(모래)(1),2022-08-17,Y,Y,N,2025-07-05,37.36925055,127.1465716,2010,15,1.1422529772145738,1,986.0,2
중원구,금광2동,39503,공공도서관,실외,중원어린이도서관 놀이터,경기도 성남시 중원구 산성대로408번길 42,640.0,2010-07-19,공공,흔들놀이기구(4)+조합놀이대(1)+기타(2)+충격흡수용표면재(포설도포바닥재)(1),2022-12-23,Y,N,N,2025-07-05,37.44771046,127.1631116,2010,15,0.8792862670120428,1,640.0,2
분당구,금곡동,39895,도시공원,실외,야생화(72호) 어린이공원,경기도 성남시 분당구 금곡동 175,640.0,2009-12-29,공공,그네(1)+흔들놀이기구(7)+조합놀이대(1)+충격흡수용표면재(모래)(1),2023-12-26,Y,Y,N,2025-07-05,37.35159027,127.1066481,2009,16,1.4515085186694563,1,640.0,2
분당구,판교동,41009,도시공원,실외,봄볕(판교8호) 어린이공원,경기도 성남시 분당구 판교동 532,316.5,2009-11-24,공공,미끄럼틀(1)+흔들놀이기구(7)+오르는기구(1)+조합놀이대(4)+충격흡수용표면재(포설도포바닥재)(1),2023-06-22,Y,N,N,2025-07-05,37.39833518,127.0973357,2009,16,1.1974212926803967,1,316.5,2
분당구,백현동,41010,도시공원,실외,바람개비(판교9호) 어린이공원,경기도 성남시 분당구 판교동 487,316.5,2009-11-24,공공,미끄럼틀(1)+흔들놀이기구(5)+조합놀이대(1)+충격흡수용표면재(포설도포바닥재)(1),2023-06-22,Y,Y,N,2025-07-05,37.40258674,127.0947878,2009,16,1.4934527731205907,1,316.5,2
분당구,운중동,41223,도시공원,실외,눈꽃(판교3호) 어린이공원,경기도 성남시 분당구 운중동 1012,481.06,2009-12-02,공공,흔들놀이기구(1)+건너는기구(1)+조합놀이대(2)+충격흡수용표면재(포설도포바닥재)(1),2023-06-05,Y,Y,N,2025-07-05,37.39153367,127.0837586,2009,16,2.0192508881290405,1,481.06,2
분당구,운중동,41224,도시공원,실외,도담(판교4호) 어린이공원,경기도 성남시 분당구 운중동 1044,316.5,2009-12-02,공공,흔들놀이기구(2)+조합놀이대(1)+충격흡수용표면재(포설도포바닥재)(1),2023-06-13,Y,Y,N,2025-07-05,37.38869182,127.082131,2009,16,2.1098373224310896,1,316.5,2
분당구,판교동,41225,도시공원,실외,너울(판교5호) 어린이공원,경기도 성남시 분당구 판교동 597,316.5,2009-12-02,공공,그네(1)+흔들놀이기구(4)+조합놀이대(1)+충격흡수용표면재(포설도포바닥재)(1),2023-06-22,Y,Y,N,2025-07-05,37.3898817,127.0914706,2009,16,1.3137769267565442,1,316.5,2
분당구,금곡동,41966,주택단지,실외,청솔6단지 604동 놀이터,경기도 성남시 분당구 미금로 246,258.0,2009-11-02,민간,조합놀이대(1)+충격흡수용표면재(포설도포바닥재)(1),2023-10-11,Y,N,N,2025-07-05,37.35462403,127.1099976,2009,16,1.5415904331216987,0,258.0,2
중원구,하대원동,500179,주택단지,실외,성남자이아파트 107동 놀이터,경기도 성남시 중원구 둔촌대로 363,328.0,2007-07-24,민간,흔들놀이기구(2)+조합놀이대(1)+충격흡수용표면재(포설도포바닥재)(1),2022-08-08,Y,Y,N,2025-07-05,37.43295121,127.155697,2007,18,2.0912413478555556,0,328.0,2
중원구,하대원동,500181,주택단지,실외,성남자이아파트 113동 놀이터,경기도 성남시 중원구 둔촌대로 363,328.0,2007-07-24,민간,흔들놀이기구(4)+조합놀이대(1)+충격흡수용표면재(고무바닥재)(1),2022-08-08,Y,Y,N,2025-07-05,37.43295121,127.155697,2007,18,2.0912413478555556,0,328.0,2
중원구,도촌동,500183,주택단지,실외,동분당포레스트 302동 옆 유아놀이터,경기도 성남시 중원구 도촌남로 67,328.0,2007-12-10,민간,기타(1)+충격흡수용표면재(모래)(1),2024-04-25,Y,Y,N,2025-07-05,37.41490038,127.1541489,2007,18,2.80014543210982,0,328.0,2
중원구,하대원동,500186,주택단지,실외,하대원 아튼빌 1015동앞놀이터,경기도 성남시 중원구 둔촌대로 300,328.0,2003-10-16,민간,그네(1)+흔들놀이기구(3)+조합놀이대(1)+충격흡수용표면재(포설도포바닥재)(1),2023-08-01,Y,Y,N,2025-07-05,37.42910503,127.1498519,2003,22,2.760247283739611,0,328.0,2
중원구,도촌동,500192,주택단지,실외,도촌휴먼시아 섬마을2단지 놀이터,경기도 성남시 중원구 도촌남로 24,328.0,2008-02-04,민간,그네(1)+흔들놀이기구(2)+조합놀이대(1)+충격흡수용표면재(모래)(1)+충격흡수용표면재(포설도포바닥재)(1),2023-03-09,Y,Y,N,2025-07-05,37.41401774,127.1511488,2008,17,2.523487450196319,0,328.0,2
중원구,도촌동,500193,주택단지,실외,도촌휴먼시아 섬마을4단지 402동 놀이터,경기도 성남시 중원구 도촌남로 69,328.0,2008-02-04,민간,흔들놀이기구(1)+조합놀이대(1)+충격흡수용표면재(포설도포바닥재)(1),2022-09-13,Y,Y,N,2025-07-05,37.41463911,127.1555734,2008,17,2.9200980217043,0,328.0,2
중원구,도촌동,500201,주택단지,실외,도촌휴먼시아 섬마을4단지 403동 놀이터,경기도 성남시 중원구 도촌남로 69,517.0,2008-02-04,민간,그네(1)+충격흡수용표면재(포설도포바닥재)(1),2022-09-13,Y,N,N,2025-07-05,37.41463911,127.1555734,2008,17,2.9200980217043,0,517.0,2
중원구,도촌동,500202,주택단지,실외,도촌휴먼시아 섬마을4단지 404동 놀이터,경기도 성남시 중원구 도촌남로 69,328.0,2008-02-04,민간,그네(1)+흔들놀이기구(2)+조합놀이대(1)+충격흡수용표면재(포설도포바닥재)(1),2022-09-13,Y,N,N,2025-07-05,37.41463911,127.1555734,2008,17,2.9200980217043,0,328.0,2
중원구,도촌동,500217,주택단지,실외,도촌휴먼시아 섬마을8단지 제1 놀이터 (805동),경기도 성남시 중원구 도촌남로 134,336.72,2007-07-30,민간,흔들놀이기구(1)+조합놀이대(1)+충격흡수용표면재(포설도포바닥재)(1),2022-09-23,Y,N,N,2025-07-05,37.41293112,127.1593716,2007,18,3.233489836056318,0,336.72,2
중원구,도촌동,500218,주택단지,실외,도촌휴먼시아 섬마을8단지 제2 놀이터 (807동),경기도 성남시 중원구 도촌남로 134,458.2,2007-07-30,민간,흔들놀이기구(4)+조합놀이대(1)+충격흡수용표면재(포설도포바닥재)(1),2022-09-23,Y,Y,N,2025-07-05,37.41293112,127.1593716,2007,18,3.233489836056318,0,458.2,2
중원구,도촌동,500219,주택단지,실외,도촌휴먼시아 섬마을8단지 제3 놀이터 (808동),경기도 성남시 중원구 도촌남로 134,523.6,2007-07-30,민간,그네(1)+흔들놀이기구(1)+조합놀이대(1)+충격흡수용표면재(포설도포바닥재)(1),2023-01-30,Y,N,N,2025-07-05,37.41293112,127.1593716,2007,18,3.233489836056318,0,523.6,2
중원구,도촌동,500220,주택단지,실외,도촌휴먼시아 섬마을9단지 911동 앞 놀이터1,경기도 성남시 중원구 도촌남로 148,314.4,2007-10-24,민간,흔들놀이기구(1)+조합놀이대(1)+충격흡수용표면재(포설도포바닥재)(1),2023-02-15,Y,Y,N,2025-07-05,37.4121132,127.1635109,2007,18,3.5936226905157636,0,314.4,2
중원구,도촌동,500221,주택단지,실외,도촌휴먼시아 섬마을9단지 905동 놀이터,경기도 성남시 중원구 도촌남로 148,328.0,2007-10-24,민간,그네(1)+조합놀이대(1)+충격흡수용표면재(포설도포바닥재)(1),2023-02-15,Y,Y,N,2025-07-05,37.4121132,127.1635109,2007,18,3.5936226905157636,0,328.0,2
중원구,도촌동,500222,주택단지,실외,도촌휴먼시아 섬마을9단지 908동 놀이터,경기도 성남시 중원구 도촌남로 148,96.88,2007-10-24,민간,흔들놀이기구(1)+조합놀이대(1)+충격흡수용표면재(포설도포바닥재)(1),2023-02-15,Y,N,N,2025-07-05,37.4121132,127.1635109,2007,18,3.5936226905157636,0,96.88,2
분당구,구미동,500279,주택단지,실외,까치마을 건영빌라5단지 506동놀이터,경기도 성남시 분당구 미금일로 136,891.0,2015-02-09,민간,흔들놀이기구(2)+충격흡수용표면재(모래)(1),2022-12-26,Y,N,N,2025-07-05,37.34855949,127.10773,2015,10,1.1609828543534244,0,891.0,2
분당구,이매1동,500629,주택단지,실외,아름마을 효성아파트 704동 놀이터,경기도 성남시 분당구 이매로 16,322.17,2014-05-14,민간,그네(1)+흔들놀이기구(3)+조합놀이대(1)+충격흡수용표면재(모래)(1),2024-05-08,Y,Y,N,2025-07-05,37.39345463,127.1216457,2014,11,1.1029687886612933,0,322.17,2
분당구,판교동,508738,주택단지,실외,판교원마을12단지 어린이집앞 놀이터,경기도 성남시 분당구 서판교로 165,136.0,2011-05-20,민간,그네(1)+흔들놀이기구(2)+건너는기구(1)+충격흡수용표면재(포설도포바닥재)(1),2023-03-30,Y,Y,N,2025-07-05,37.39984432,127.0934045,2011,14,1.5518595200438328,0,136.0,2
분당구,판교동,508743,주택단지,실외,판교원마을12단지 3동 4동사이 놀이터,경기도 성남시 분당구 서판교로 165,530.0,2011-05-20,민간,흔들놀이기구(3)+조합놀이대(1)+충격흡수용표면재(포설도포바닥재)(1),2023-03-30,Y,Y,N,2025-07-05,37.39984432,127.0934045,2011,14,1.5518595200438328,0,530.0,2
분당구,판교동,522189,주택단지,실외,판교원마을4단지 놀이터,경기도 성남시 분당구 판교원로 186,121.0,2009-09-03,민간,그네(1)+조합놀이대(1)+충격흡수용표면재(포설도포바닥재)(1),2023-10-23,Y,N,N,2025-07-05,37.38563709,127.0865378,2009,16,1.721253376429443,0,121.0,2
분당구,야탑3동,524350,주택단지,실외,분당 대진빌라 801동앞 놀이터,경기도 성남시 분당구 판교로 654,140.0,2009-09-18,민간,그네(1)+흔들놀이기구(2)+충격흡수용표면재(모래)(1),2022-12-08,Y,Y,N,2025-07-05,37.40518973,127.1451838,2009,16,2.071038151939551,0,140.0,2
분당구,야탑3동,527081,주택단지,실외,대창파크빌아파트 놀이터,경기도 성남시 분당구 벌말로30번길 11,328.0,2011-09-21,민간,흔들놀이기구(3)+조합놀이대(1)+철봉(1)+충격흡수용표면재(모래)(1),2023-08-22,Y,Y,N,2025-07-05,37.41062749,127.1392488,2011,14,1.4483664127007687,0,328.0,2
중원구,금광1동,528231,주택단지,실외,삼익금광아파트 103동 놀이터,경기도 성남시 중원구 자혜로16번길 9,328.0,2011-11-09,민간,그네(1)+흔들놀이기구(2)+조합놀이대(1)+충격흡수용표면재(모래)(1),2023-10-19,Y,Y,N,2025-07-05,37.44910725,127.1615719,2011,14,1.0534187686401209,0,328.0,2
중원구,금광1동,528232,주택단지,실외,삼익금광아파트 101동 놀이터,경기도 성남시 중원구 자혜로16번길 9,328.0,2011-11-14,민간,그네(1)+흔들놀이기구(4)+조합놀이대(1)+충격흡수용표면재(모래)(1),2023-10-19,Y,Y,N,2025-07-05,37.44910725,127.1615719,2011,14,1.0534187686401209,0,328.0,2
분당구,운중동,531980,주택단지,실외,푸르지오하임아파트102동앞놀이터,경기도 성남시 분당구 하오개로 377,328.0,2011-12-15,민간,흔들놀이기구(3)+조합놀이대(1)+기타(1)+충격흡수용표면재(포설도포바닥재)(1),2023-12-14,Y,N,N,2025-07-05,37.39241279,127.061478,2011,14,3.9709972138445297,0,328.0,2
중원구,도촌동,532611,도시공원,실외,한아름 어린이공원,경기도 성남시 중원구 여수동 355,316.5,2011-11-08,공공,그네(1)+흔들놀이기구(5)+조합놀이대(1)+충격흡수용표면재(포설도포바닥재)(1),2022-07-25,Y,Y,N,2025-07-05,37.4178185,127.1259343,2011,14,0.8191795345400474,1,316.5,2
분당구,야탑3동,532673,주택단지,실외,매화마을2단지 210동 놀이터,경기도 성남시 분당구 장미로 139,328.0,2011-12-06,민간,그네(1)+흔들놀이기구(4)+조합놀이대(1)+충격흡수용표면재(모래)(1),2023-11-06,Y,Y,N,2025-07-05,37.41480898,127.1362771,2011,14,1.2639378558628345,0,328.0,2
분당구,야탑3동,532674,주택단지,실외,매화마을2단지 213동 놀이터,경기도 성남시 분당구 장미로 139,328.0,2011-12-06,민간,그네(1)+흔들놀이기구(4)+조합놀이대(1)+충격흡수용표면재(모래)(1),2023-11-06,Y,Y,N,2025-07-05,37.41480898,127.1362771,2011,14,1.2639378558628345,0,328.0,2
분당구,야탑3동,532676,주택단지,실외,매화마을2단지 201동 놀이터,경기도 성남시 분당구 장미로 139,328.0,2011-12-06,민간,그네(1)+흔들놀이기구(4)+조합놀이대(1)+충격흡수용표면재(모래)(1),2023-11-06,Y,Y,N,2025-07-05,37.41480898,127.1362771,2011,14,1.2639378558628345,0,328.0,2
중원구,중앙동,532930,주택단지,실외,중앙동 힐스테이트2차 215동 놀이터,경기도 성남시 중원구 시민로 66,328.0,2012-05-01,민간,그네(1)+흔들놀이기구(4)+조합놀이대(1)+충격흡수용표면재(포설도포바닥재)(1),2024-04-19,Y,Y,N,2025-07-05,37.43586713,127.1494478,2012,13,2.348173049802042,0,328.0,2
중원구,중앙동,532931,주택단지,실외,중앙동 힐스테이트2차 212동 놀이터,경기도 성남시 중원구 시민로 66,328.0,2012-05-01,민간,그네(1)+흔들놀이기구(2)+조합놀이대(1)+충격흡수용표면재(포설도포바닥재)(1),2024-04-19,Y,Y,N,2025-07-05,37.43586713,127.1494478,2012,13,2.348173049802042,0,328.0,2
중원구,중앙동,532932,주택단지,실외,중앙동 힐스테이트2차 203동 놀이터,경기도 성남시 중원구 시민로 66,328.0,2012-05-01,민간,흔들놀이기구(4)+조합놀이대(1)+충격흡수용표면재(포설도포바닥재)(1),2024-04-19,Y,Y,N,2025-07-05,37.43586713,127.1494478,2012,13,2.348173049802042,0,328.0,2
중원구,중앙동,532933,주택단지,실외,중앙동 힐스테이트2차 208동 놀이터,경기도 성남시 중원구 시민로 66,1525.0,2012-05-01,민간,흔들놀이기구(3)+조합놀이대(1)+충격흡수용표면재(포설도포바닥재)(1),2024-04-19,Y,Y,N,2025-07-05,37.43586713,127.1494478,2012,13,2.348173049802042,0,1525.0,2
중원구,중앙동,532934,도시공원,실외,삼창 어린이공원(기부체납지),경기도 성남시 중원구 중앙동 3748,316.5,2012-05-01,공공,흔들놀이기구(5)+조합놀이대(1)+충격흡수용표면재(포설도포바닥재)(1),2024-05-16,Y,Y,N,2025-07-05,37.4370203,127.1489547,2012,13,2.3290458568232864,1,316.5,2
중원구,중앙동,532935,주택단지,실외,중앙동 힐스테이트2차 205동 놀이터,경기도 성남시 중원구 시민로 66,328.0,2012-05-01,민간,조합놀이대(1)+충격흡수용표면재(포설도포바닥재)(1),2024-04-19,Y,Y,N,2025-07-05,37.43586713,127.1494478,2012,13,2.348173049802042,0,328.0,2
중원구,중앙동,533196,주택단지,실외,중앙동힐스테이트1차 105동 놀이터,경기도 성남시 중원구 시민로66번길 21,328.0,2011-10-03,민간,그네(1)+흔들놀이기구(2)+조합놀이대(1)+충격흡수용표면재(포설도포바닥재)(1),2023-10-31,Y,Y,N,2025-07-05,37.43643829,127.1505006,2011,14,2.236205756726882,0,328.0,2
중원구,중앙동,533197,주택단지,실외,중앙동힐스테이트1차 103동 놀이터,경기도 성남시 중원구 시민로66번길 21,328.0,2011-10-03,민간,흔들놀이기구(3)+조합놀이대(1)+충격흡수용표면재(포설도포바닥재)(1),2023-10-31,Y,Y,N,2025-07-05,37.43643829,127.1505006,2011,14,2.236205756726882,0,328.0,2
중원구,중앙동,534077,주택단지,실외,성남중동3 휴먼시아 놀이터,경기도 성남시 중원구 희망로 415,328.0,2012-07-18,민간,그네(1)+흔들놀이기구(4)+조합놀이대(1)+충격흡수용표면재(포설도포바닥재)(1),2022-12-16,Y,Y,N,2025-07-05,37.44314196,127.1568565,2012,13,1.44340924743897,0,328.0,2
중원구,중앙동,534532,주택단지,실외,롯데캐슬 놀이터(1),경기도 성남시 중원구 희망로 415,328.0,2012-08-03,민간,그네(1)+흔들놀이기구(2)+조합놀이대(1)+충격흡수용표면재(포설도포바닥재)(1),2024-07-08,Y,Y,N,2025-07-05,37.44314196,127.1568565,2012,13,1.44340924743897,0,328.0,2
중원구,중앙동,534534,주택단지,실외,롯데캐슬 놀이터(2),경기도 성남시 중원구 희망로 415,328.0,2012-08-03,민간,흔들놀이기구(5)+조합놀이대(1)+충격흡수용표면재(포설도포바닥재)(1),2024-07-08,Y,Y,N,2025-07-05,37.44314196,127.1568565,2012,13,1.44340924743897,0,328.0,2
중원구,도촌동,534538,주택단지,실외,연꽃마을 404동 놀이터(2),경기도 성남시 중원구 여수울로 50,328.0,2012-08-10,민간,회전놀이기구(2)+조합놀이대(2)+충격흡수용표면재(포설도포바닥재)(1),2022-09-06,Y,Y,N,2025-07-05,37.41838866,127.1349229,2012,13,1.3547385140227206,0,328.0,2
중원구,도촌동,534539,주택단지,실외,연꽃마을 409동 놀이터(1),경기도 성남시 중원구 여수울로 50,328.0,2012-08-10,민간,흔들놀이기구(4)+조합놀이대(1)+충격흡수용표면재(포설도포바닥재)(1),2022-09-06,Y,Y,N,2025-07-05,37.41838866,127.1349229,2012,13,1.3547385140227206,0,328.0,2
분당구,서현1동,536280,도시공원,실외,점골(29호) 어린이공원,경기도 성남시 분당구 서현동 332,316.5,2012-09-26,공공,그네(1)+흔들놀이기구(4)+조합놀이대(1)+충격흡수용표면재(모래)(1),2022-08-19,Y,Y,N,2025-07-05,37.37716381,127.1401729,2012,13,0.5341670604660353,1,316.5,2
중원구,도촌동,536726,주택단지,실외,동분당파크뷰 7단지 702동 놀이터,경기도 성남시 중원구 도촌남로 101,328.0,2012-12-04,민간,그네(1)+공중놀이기구(1)+오르는기구(2)+충격흡수용표면재(포설도포바닥재)(1),2024-06-14,Y,Y,N,2025-07-05,37.41421543,127.1598413,2012,13,3.2879259002980725,0,328.0,2
중원구,도촌동,536727,주택단지,실외,동분당파크뷰 7단지 706동 놀이터,경기도 성남시 중원구 도촌남로 101,328.0,2012-12-04,민간,미끄럼틀(1)+오르는기구(1)+건너는기구(2)+조합놀이대(1)+충격흡수용표면재(포설도포바닥재)(1),2024-06-14,Y,Y,N,2025-07-05,37.41421543,127.1598413,2012,13,3.2879259002980725,0,328.0,2
중원구,도촌동,537069,주택단지,실외,성남센트럴타운 307동 놀이터,경기도 성남시 중원구 성남대로 1000,328.0,2012-12-17,민간,그네(1)+흔들놀이기구(4)+조합놀이대(1)+충격흡수용표면재(모래)(1)+충격흡수용표면재(포설도포바닥재)(1),2022-12-20,Y,Y,N,2025-07-05,37.41846088,127.1298115,2012,13,1.0441092288624807,0,328.0,2
중원구,도촌동,537070,주택단지,실외,성남센트럴타운 320동 놀이터,경기도 성남시 중원구 성남대로 1000,328.0,2012-12-17,민간,그네(1)+조합놀이대(1)+충격흡수용표면재(포설도포바닥재)(1),2022-12-20,Y,Y,N,2025-07-05,37.41846088,127.1298115,2012,13,1.0441092288624807,0,328.0,2
중원구,도촌동,537071,주택단지,실외,성남센트럴타운 315동 놀이터,경기도 성남시 중원구 성남대로 1000,328.0,2012-12-17,민간,흔들놀이기구(2)+조합놀이대(1)+충격흡수용표면재(모래)(1)+충격흡수용표면재(포설도포바닥재)(1),2022-12-20,Y,N,N,2025-07-05,37.41846088,127.1298115,2012,13,1.0441092288624807,0,328.0,2
중원구,도촌동,537072,주택단지,실외,성남센트럴타운 유아놀이터,경기도 성남시 중원구 성남대로 1000,328.0,2012-12-17,민간,흔들놀이기구(3)+조합놀이대(1)+충격흡수용표면재(포설도포바닥재)(1),2022-12-20,Y,N,N,2025-07-05,37.41846088,127.1298115,2012,13,1.0441092288624807,0,328.0,2
중원구,도촌동,537073,주택단지,실외,성남센트럴타운 312동 놀이터,경기도 성남시 중원구 성남대로 1000,328.0,2012-12-17,민간,흔들놀이기구(2)+조합놀이대(1)+충격흡수용표면재(모래)(1)+충격흡수용표면재(포설도포바닥재)(1),2022-12-20,Y,N,N,2025-07-05,37.41846088,127.1298115,2012,13,1.0441092288624807,0,328.0,2
수정구,신흥2동,538708,주상복합,실외,성남신동아파라디움 놀이터,경기도 성남시 수정구 공원로 322,227.0,2006-02-17,민간,그네(1)+흔들놀이기구(2)+조합놀이대(1)+충격흡수용표면재(포설도포바닥재)(1),2022-09-06,Y,N,N,2025-07-05,37.4433301,127.1516682,2006,19,1.8898866144843312,0,227.0,2
분당구,운중동,539277,주택단지,실외,주공휴먼시 6단지 다람쥐놀이터(606동앞),경기도 성남시 분당구 산운로 121,328.0,2009-01-01,민간,흔들놀이기구(3)+조합놀이대(1)+충격흡수용표면재(포설도포바닥재)(1),2022-09-29,Y,Y,N,2025-07-05,37.39365554,127.0733718,2009,16,2.966692565650742,0,328.0,2
분당구,운중동,539278,주택단지,실외,주공휴먼시 6단지 곰돌이놀이터(603동앞),경기도 성남시 분당구 산운로 121,328.0,2009-01-01,민간,그네(1)+흔들놀이기구(3)+조합놀이대(1)+충격흡수용표면재(포설도포바닥재)(1),2022-09-29,Y,Y,N,2025-07-05,37.39365554,127.0733718,2009,16,2.966692565650742,0,328.0,2
분당구,야탑3동,541892,주택단지,실외,목련주공1단지 104동 놀이터,경기도 성남시 분당구 판교로 607,328.0,2011-11-07,민간,흔들놀이기구(2)+조합놀이대(1)+충격흡수용표면재(포설도포바닥재)(1),2023-10-27,Y,Y,N,2025-07-05,37.40753137,127.1411822,2011,14,1.6609270976418282,0,328.0,2
분당구,야탑3동,541893,주택단지,실외,목련주공1단지 107동 놀이터,경기도 성남시 분당구 판교로 607,328.0,2011-11-07,민간,그네(1)+조합놀이대(1)+충격흡수용표면재(포설도포바닥재)(1),2023-10-27,Y,Y,N,2025-07-05,37.40753137,127.1411822,2011,14,1.6609270976418282,0,328.0,2
분당구,야탑3동,541895,주택단지,실외,목련주공1단지 저수조앞 놀이터,경기도 성남시 분당구 판교로 607,328.0,2011-11-07,민간,그네(1)+조합놀이대(1)+기타(1)+충격흡수용표면재(포설도포바닥재)(1),2023-10-27,Y,Y,N,2025-07-05,37.40753137,127.1411822,2011,14,1.6609270976418282,0,328.0,2
분당구,야탑3동,542349,주택단지,실외,청솔마을 주공9단지(902동),경기도 성남시 분당구 판교로 607,328.0,2013-10-13,민간,그네(1)+흔들놀이기구(5)+조합놀이대(1)+충격흡수용표면재(모래)(1),2023-10-10,Y,Y,N,2025-07-05,37.40753137,127.1411822,2013,12,1.6609270976418282,0,328.0,2
분당구,야탑3동,542350,주택단지,실외,청솔마을 주공9단지(904동),경기도 성남시 분당구 판교로 607,328.0,2013-10-13,민간,그네(1)+흔들놀이기구(5)+조합놀이대(1)+충격흡수용표면재(모래)(1),2023-10-10,Y,Y,N,2025-07-05,37.40753137,127.1411822,2013,12,1.6609270976418282,0,328.0,2
분당구,야탑3동,542351,주택단지,실외,청솔마을 주공9단지(906동),경기도 성남시 분당구 판교로 607,328.0,2013-10-12,민간,그네(1)+흔들놀이기구(5)+조합놀이대(1)+충격흡수용표면재(모래)(1),2023-10-10,Y,Y,N,2025-07-05,37.40753137,127.1411822,2013,12,1.6609270976418282,0,328.0,2
분당구,야탑3동,542352,주택단지,실외,청솔마을 주공9단지(관리소옆),경기도 성남시 분당구 판교로 607,328.0,2013-10-12,민간,흔들놀이기구(2)+조합놀이대(1)+충격흡수용표면재(모래)(1),2023-10-10,Y,Y,N,2025-07-05,37.40753137,127.1411822,2013,12,1.6609270976418282,0,328.0,2
분당구,백현동,544710,공공도서관,실외,판교어린이도서관 놀이터,경기도 성남시 분당구 대왕판교로 421,640.0,2014-04-15,공공,흔들놀이기구(3)+건너는기구(1)+충격흡수용표면재(포설도포바닥재)(1),2024-04-11,Y,Y,N,2025-07-05,37.38142548,127.1016569,2014,11,0.7374638788219483,1,640.0,2
중원구,도촌동,547727,도시공원,실외,따르릉 어린이공원(4호),경기도 성남시 중원구 여수동 538,11.0,2012-11-20,공공,흔들놀이기구(4)+건너는기구(1)+기타(1)+충격흡수용표면재(포설도포바닥재)(1),2022-07-25,Y,Y,N,2025-07-05,37.41969744,127.1315185,2012,13,1.2446728214369314,1,11.0,2
중원구,도촌동,547728,도시공원,실외,사각사각 어린이공원(5호),경기도 성남시 중원구 여수동 579,316.5,2012-11-20,공공,흔들놀이기구(7)+조합놀이대(1)+기타(2)+충격흡수용표면재(포설도포바닥재)(1),2022-07-25,Y,Y,N,2025-07-05,37.41845788,127.1343445,2012,13,1.3198283145527168,1,316.5,2
중원구,도촌동,548035,도시공원,실외,여울 어린이공원(제1호),경기도 성남시 중원구 도촌동 653,1840.0,2014-09-22,공공,흔들놀이기구(2)+조합놀이대(2)+기타(2)+충격흡수용표면재(포설도포바닥재)(1),2022-07-25,Y,Y,N,2025-07-05,37.41562563,127.1491429,2014,11,2.381365582196185,1,1840.0,2
중원구,도촌동,548036,도시공원,실외,산바람 어린이공원(제2호),경기도 성남시 중원구 도촌동 652,316.5,2013-09-22,공공,흔들놀이기구(3)+조합놀이대(1)+충격흡수용표면재(포설도포바닥재)(1),2023-03-17,Y,Y,N,2025-07-05,37.41312713,127.1498338,2013,12,2.3961489280274586,1,316.5,2
중원구,도촌동,548037,도시공원,실외,솔바람 어린이공원(제3호),경기도 성남시 중원구 도촌동 655,2615.0,2013-09-22,공공,흔들놀이기구(3)+조합놀이대(1)+충격흡수용표면재(모래)(1)+충격흡수용표면재(포설도포바닥재)(1),2023-03-17,Y,Y,N,2025-07-05,37.41584803,127.153486,2013,12,2.761530610156184,1,2615.0,2
중원구,도촌동,548038,도시공원,실외,금잉어 어린이공원(제4호),경기도 성남시 중원구 도촌동 658,1577.0,2013-09-22,공공,그네(1)+흔들놀이기구(3)+조합놀이대(1)+충격흡수용표면재(포설도포바닥재)(1),2023-04-07,Y,Y,N,2025-07-05,37.41554636,127.1569257,2013,12,3.0538777579250467,1,1577.0,2
중원구,도촌동,548039,도시공원,실외,약수터 어린이공원(제5호),경기도 성남시 중원구 도촌동 650,1567.0,2013-09-22,공공,흔들놀이기구(4)+조합놀이대(1)+충격흡수용표면재(포설도포바닥재)(1),2023-03-17,Y,Y,N,2025-07-05,37.41136624,127.1674498,2013,12,3.8741690948894676,1,1567.0,2
중원구,은행2동,552195,도시공원,실외,은행정이 어린이공원,경기도 성남시 중원구 은행2동 2467,7.0,2015-06-01,공공,흔들놀이기구(6)+조합놀이대(1)+충격흡수용표면재(포설도포바닥재)(1),2023-11-29,Y,Y,N,2025-07-05,37.45708032,127.1689773,2015,10,1.2837796081129629,1,7.0,2
중원구,하대원동,552811,주택단지,실외,하대원 아튼빌 1008동 놀이터,경기도 성남시 중원구 둔촌대로 300,328.0,2015-08-01,민간,그네(1)+흔들놀이기구(4)+조합놀이대(1)+충격흡수용표면재(포설도포바닥재)(1),2023-08-01,Y,Y,N,2025-07-05,37.42910503,127.1498519,2015,10,2.760247283739611,0,328.0,2
분당구,백현동,553087,주상복합,실외,판교알파리움 1단지 중앙공원 놀이터,경기도 성남시 분당구 대왕판교로385번길 13-6,113.0,2015-09-08,민간,미끄럼틀(1)+건너는기구(2)+조합놀이대(1)+충격흡수용표면재(포설도포바닥재)(1),2023-09-13,Y,Y,N,2025-07-05,37.37738091,127.1001289,2015,10,1.198376927511502,0,113.0,2
수정구,위례동,553098,주택단지,실외,위례 힐스테이트 5712동앞 놀이터(3),경기도 성남시 수정구 위례동로 15,328.0,2015-09-02,민간,정글짐(1)+흔들놀이기구(4)+조합놀이대(1)+충격흡수용표면재(포설도포바닥재)(1),2023-08-31,Y,Y,N,2025-07-05,37.46465327,127.1438213,2015,10,3.2984291089396676,0,328.0,2
수정구,위례동,553099,주택단지,실외,위례 힐스테이트  5704동앞 놀이터(1),경기도 성남시 수정구 위례동로 15,328.0,2015-09-02,민간,그네(1)+충격흡수용표면재(모래)(1),2023-08-31,Y,N,N,2025-07-05,37.46465327,127.1438213,2015,10,3.2984291089396676,0,328.0,2
수정구,위례동,553100,주택단지,실외,위례 힐스테이트 5708동 앞 놀이터(2),경기도 성남시 수정구 위례동로 15,328.0,2015-09-02,민간,그네(1)+흔들놀이기구(4)+충격흡수용표면재(모래)(1)+충격흡수용표면재(기타바닥재)(1),2023-08-31,Y,Y,N,2025-07-05,37.46465327,127.1438213,2015,10,3.2984291089396676,0,328.0,2
중원구,도촌동,553179,주택단지,실외,성남여수동 산들마을 놀이터(1),경기도 성남시 중원구 여수울로 51,328.0,2015-09-14,민간,그네(1)+회전놀이기구(1)+흔들놀이기구(3)+조합놀이대(1)+기타(1)+충격흡수용표면재(포설도포바닥재)(1),2023-10-04,Y,Y,N,2025-07-05,37.42057666,127.1365217,2015,10,1.6193389668000848,0,328.0,2
중원구,도촌동,553181,주택단지,실외,성남여수동 산들마을 놀이터(2),경기도 성남시 중원구 여수울로 51,328.0,2015-09-14,민간,그네(1)+흔들놀이기구(4)+조합놀이대(1)+충격흡수용표면재(포설도포바닥재)(1),2023-10-04,Y,Y,N,2025-07-05,37.42057666,127.1365217,2015,10,1.6193389668000848,0,328.0,2
중원구,도촌동,553182,주택단지,실외,성남여수동 산들마을 놀이터(3),경기도 성남시 중원구 여수울로 51,328.0,2015-09-14,민간,그네(1)+회전놀이기구(1)+흔들놀이기구(3)+조합놀이대(1)+충격흡수용표면재(포설도포바닥재)(1),2023-10-04,Y,Y,N,2025-07-05,37.42057666,127.1365217,2015,10,1.6193389668000848,0,328.0,2
중원구,도촌동,553184,주택단지,실외,성남여수동 산들마을 유아놀이터,경기도 성남시 중원구 여수울로 51,328.0,2015-09-14,민간,그네(1)+흔들놀이기구(2)+조합놀이대(1)+충격흡수용표면재(포설도포바닥재)(1),2023-10-04,Y,Y,N,2025-07-05,37.42057666,127.1365217,2015,10,1.6193389668000848,0,328.0,2
수정구,위례동,553254,주택단지,실외,위례 힐스테이트 5704동앞 놀이터,경기도 성남시 수정구 위례동로 15,328.0,2015-09-07,민간,흔들놀이기구(4)+조합놀이대(1)+충격흡수용표면재(포설도포바닥재)(1),2023-09-11,Y,Y,N,2025-07-05,37.46465327,127.1438213,2015,10,3.2984291089396676,0,328.0,2
수정구,위례동,553909,주택단지,실외,위례센트럴푸르지오 5404동 놀이터,경기도 성남시 수정구 위례순환로 211,328.0,2015-11-03,민간,그네(1)+흔들놀이기구(5)+조합놀이대(1)+충격흡수용표면재(포설도포바닥재)(1),2024-02-02,Y,Y,N,2025-07-05,37.47144271,127.1537233,2015,10,3.2984115828889062,0,328.0,2
수정구,위례동,553910,주택단지,실외,위례센트럴푸르지오 5402동 놀이터,경기도 성남시 수정구 위례순환로 211,328.0,2015-11-03,민간,그네(1)+흔들놀이기구(3)+조합놀이대(1)+충격흡수용표면재(포설도포바닥재)(1),2024-02-02,Y,Y,N,2025-07-05,37.47144271,127.1537233,2015,10,3.2984115828889062,0,328.0,2
수정구,위례동,554135,주택단지,실외,위례더힐55단지 5515동옆 놀이터,경기도 성남시 수정구 위례순환로 220,50.0,2015-11-20,민간,흔들놀이기구(4)+조합놀이대(1)+충격흡수용표면재(포설도포바닥재)(1),2023-11-28,Y,Y,N,2025-07-05,37.4695249,127.1508663,2015,10,3.260311215198513,0,50.0,2
수정구,위례동,554136,주택단지,실외,위례더힐55단지 5514동옆 놀이터,경기도 성남시 수정구 위례순환로 220,328.0,2015-11-20,민간,미끄럼틀(1)+흔들놀이기구(2)+조합놀이대(1)+충격흡수용표면재(포설도포바닥재)(1),2023-11-28,Y,Y,N,2025-07-05,37.4695249,127.1508663,2015,10,3.260311215198513,0,328.0,2
수정구,위례동,554137,주택단지,실외,위례더힐55단지 5511동 뒤 놀이터,경기도 성남시 수정구 위례순환로 220,328.0,2015-11-20,민간,그네(1)+흔들놀이기구(1)+조합놀이대(1)+충격흡수용표면재(포설도포바닥재)(1),2023-11-28,Y,N,N,2025-07-05,37.4695249,127.1508663,2015,10,3.260311215198513,0,328.0,2
수정구,위례동,554138,주택단지,실외,위례더힐55단지 5521동 앞 놀이터,경기도 성남시 수정구 위례순환로 220,328.0,2015-11-20,민간,흔들놀이기구(2)+조합놀이대(1)+충격흡수용표면재(포설도포바닥재)(1),2023-11-28,Y,N,N,2025-07-05,37.4695249,127.1508663,2015,10,3.260311215198513,0,328.0,2
수정구,위례동,555408,주택단지,실외,위례 35단지 3505동 좌측 놀이터,경기도 성남시 수정구 위례광장로 311,328.0,2016-03-31,민간,흔들놀이기구(3)+조합놀이대(1)+충격흡수용표면재(포설도포바닥재)(1),2024-05-03,Y,Y,N,2025-07-05,37.47120601,127.1437065,2016,9,3.8070144830047106,0,328.0,2
수정구,위례동,555409,주택단지,실외,위례 35단지 3501동 뒤 놀이터,경기도 성남시 수정구 위례광장로 311,178.8,2016-03-31,민간,흔들놀이기구(3)+조합놀이대(1)+충격흡수용표면재(포설도포바닥재)(1),2024-05-03,Y,Y,N,2025-07-05,37.47120601,127.1437065,2016,9,3.8070144830047106,0,178.8,2
수정구,위례동,555410,주택단지,실외,위례 35단지 3506동 앞 놀이터,경기도 성남시 수정구 위례광장로 311,328.0,2016-03-31,민간,그네(1)+흔들놀이기구(3)+조합놀이대(1)+충격흡수용표면재(포설도포바닥재)(1),2024-05-03,Y,Y,N,2025-07-05,37.47120601,127.1437065,2016,9,3.8070144830047106,0,328.0,2
수정구,위례동,555411,주택단지,실외,위례 35단지 3508동 앞 놀이터,경기도 성남시 수정구 위례광장로 311,328.0,2016-03-31,민간,그네(1)+흔들놀이기구(3)+조합놀이대(1)+충격흡수용표면재(포설도포바닥재)(1),2024-05-03,Y,Y,N,2025-07-05,37.47120601,127.1437065,2016,9,3.8070144830047106,0,328.0,2
수정구,위례동,555412,주택단지,실외,위례 35단지 3512동 앞 놀이터,경기도 성남시 수정구 위례광장로 311,328.0,2016-03-31,민간,그네(1)+흔들놀이기구(2)+조합놀이대(1)+충격흡수용표면재(포설도포바닥재)(1),2024-05-03,Y,Y,N,2025-07-05,37.47120601,127.1437065,2016,9,3.8070144830047106,0,328.0,2
수정구,위례동,555413,주택단지,실외,위례 35단지보육시설 뒤 유아놀이터,경기도 성남시 수정구 위례광장로 311,328.0,2016-03-31,민간,흔들놀이기구(3)+조합놀이대(1)+기타(1)+충격흡수용표면재(포설도포바닥재)(1),2024-05-03,Y,Y,N,2025-07-05,37.47120601,127.1437065,2016,9,3.8070144830047106,0,328.0,2
수정구,위례동,555778,주택단지,실외,위례자연&래미안 e편한세상 5610동 유아놀이터,경기도 성남시 수정구 위례동로 61,328.0,2016-03-31,민간,흔들놀이기구(2)+조합놀이대(1)+기타(1)+충격흡수용표면재(모래)(1)+충격흡수용표면재(포설도포바닥재)(1),2024-05-24,Y,Y,N,2025-07-05,37.46674563,127.1484618,2016,9,3.157903721772288,0,328.0,2
수정구,위례동,555779,주택단지,실외,위례자연&래미안 e편한세상 5603동 놀이터(3),경기도 성남시 수정구 위례동로 61,328.0,2016-03-31,민간,회전놀이기구(1)+흔들놀이기구(2)+조합놀이대(1)+기타(1)+충격흡수용표면재(포설도포바닥재)(1),2024-06-17,Y,Y,N,2025-07-05,37.46674563,127.1484618,2016,9,3.157903721772288,0,328.0,2
수정구,위례동,555780,주택단지,실외,위례자연&래미안 e편한세상 물이용놀이터,경기도 성남시 수정구 위례동로 61,56.0,2016-03-31,민간,흔들놀이기구(2)+조합놀이대(1)+물이용놀이기구(기타)+ 단품)(4)+충격흡수용표면재(포설도포바닥재)(1),2024-06-17,Y,Y,Y,2025-07-05,37.46674563,127.1484618,2016,9,3.157903721772288,0,56.0,2
수정구,위례동,555864,주택단지,실외,위례자연&래미안 e편한세상 5617동 놀이터(1),경기도 성남시 수정구 위례동로 61,328.0,2016-04-28,민간,그네(1)+흔들놀이기구(3)+건너는기구(1)+조합놀이대(1)+충격흡수용표면재(포설도포바닥재)(1),2024-05-24,Y,Y,N,2025-07-05,37.46674563,127.1484618,2016,9,3.157903721772288,0,328.0,2
수정구,위례동,555865,주택단지,실외,위례자연&래미안 e편한세상 5613동 놀이터(2),경기도 성남시 수정구 위례동로 61,328.0,2016-04-28,민간,흔들놀이기구(4)+건너는기구(1)+조합놀이대(1)+기타(1)+충격흡수용표면재(포설도포바닥재)(1),2024-05-24,Y,Y,N,2025-07-05,37.46674563,127.1484618,2016,9,3.157903721772288,0,328.0,2
분당구,정자1동,556621,주택단지,실외,정든마을 우성6차 613동앞 놀이터,경기도 성남시 분당구 불정로 195,328.0,2016-07-11,민간,그네(1)+흔들놀이기구(3)+조합놀이대(1)+철봉(1)+충격흡수용표면재(모래)(1),2022-12-01,Y,Y,N,2025-07-05,37.36255076,127.1215568,2016,9,1.3068165946657204,0,328.0,2
수정구,위례동,556752,주택단지,실외,위례자이 3305동 놀이터,경기도 성남시 수정구 위례순환로 100,167.58,2016-07-22,민간,그네(1)+흔들놀이기구(3)+조합놀이대(1)+충격흡수용표면재(포설도포바닥재)(1),2022-08-18,Y,Y,N,2025-07-05,37.4707022,127.1386198,2016,9,4.085461709488606,0,167.58,2
수정구,위례동,556753,주택단지,실외,위례자이 어린이집옆 유아놀이터,경기도 성남시 수정구 위례순환로 100,328.0,2016-07-22,민간,흔들놀이기구(2)+조합놀이대(1)+충격흡수용표면재(포설도포바닥재)(1),2022-08-18,Y,Y,N,2025-07-05,37.4707022,127.1386198,2016,9,4.085461709488606,0,328.0,2
중원구,성남동,556808,주택단지,실외,그린팰리스 아파트 놀이터,경기도 성남시 중원구 제일로53번길 3,328.0,2016-07-25,민간,흔들놀이기구(1)+조합놀이대(1)+충격흡수용표면재(포설도포바닥재)(1),2022-08-19,Y,Y,N,2025-07-05,37.43153167,127.1358119,2016,9,1.5469960986225955,0,328.0,2
수정구,위례동,556904,주택단지,실외,위례호반베르디움 유아놀이터,경기도 성남시 수정구 위례중앙로 216,328.0,2016-07-18,민간,흔들놀이기구(2)+조합놀이대(1)+충격흡수용표면재(포설도포바닥재)(1),2022-08-30,Y,Y,N,2025-07-05,37.4724477,127.1537921,2016,9,3.3919303763689204,0,328.0,2
수정구,위례동,556905,주택단지,실외,위례호반베르디움 5307동 놀이터,경기도 성남시 수정구 위례중앙로 216,328.0,2016-07-18,민간,그네(1)+흔들놀이기구(2)+조합놀이대(1)+기타(1)+충격흡수용표면재(포설도포바닥재)(1),2022-08-30,Y,Y,N,2025-07-05,37.4724477,127.1537921,2016,9,3.3919303763689204,0,328.0,2
수정구,위례동,556906,주택단지,실외,위례호반베르디움 5304동 놀이터,경기도 성남시 수정구 위례중앙로 216,328.0,2016-07-18,민간,흔들놀이기구(2)+조합놀이대(1)+기타(1)+충격흡수용표면재(포설도포바닥재)(1),2022-08-31,Y,Y,N,2025-07-05,37.4724477,127.1537921,2016,9,3.3919303763689204,0,328.0,2
수정구,위례동,556955,주택단지,실외,위례자이 3310동 놀이터,경기도 성남시 수정구 위례순환로 100,180.0,2016-08-05,민간,흔들놀이기구(3)+조합놀이대(1)+충격흡수용표면재(포설도포바닥재)(1),2022-08-18,Y,Y,N,2025-07-05,37.4707022,127.1386198,2016,9,4.085461709488606,0,180.0,2
분당구,야탑3동,557296,주택단지,실외,목련주공1단지 102동옆 놀이터,경기도 성남시 분당구 판교로 607,328.0,2016-09-12,민간,그네(1)+흔들놀이기구(1)+조합놀이대(1)+충격흡수용표면재(포설도포바닥재)(1),2023-10-27,Y,Y,N,2025-07-05,37.40753137,127.1411822,2016,9,1.6609270976418282,0,328.0,2
수정구,위례동,558096,주상복합,실외,위례아트리버푸르지오 103동 놀이터,경기도 성남시 수정구 위례광장로 70,113.0,2016-11-15,민간,그네(1)+조합놀이대(1)+충격흡수용표면재(기타바닥재)(1),2022-11-18,Y,Y,N,2025-07-05,37.47073283,127.1412171,2016,9,3.921503410015771,0,113.0,2
수정구,위례동,558098,주상복합,실외,위례아트리버푸르지오 203동 놀이터,경기도 성남시 수정구 위례순환로 130,113.0,2016-11-15,민간,흔들놀이기구(2)+조합놀이대(1)+충격흡수용표면재(기타바닥재)(1),2022-11-18,Y,Y,N,2025-07-05,37.47071751,127.1422687,2016,9,3.8548112911712358,0,113.0,2
중원구,도촌동,559229,도시공원,실외,종알종알 어린이공원,경기도 성남시 중원구 여수동 614,316.5,2017-03-14,공공,흔들놀이기구(5)+조합놀이대(1)+기타(2)+충격흡수용표면재(모래)(1)+충격흡수용표면재(포설도포바닥재)(1),2023-03-28,Y,Y,N,2025-07-05,37.41699285,127.1364463,2017,8,1.3801644053613988,1,316.5,2
수정구,위례동,559336,도시공원,실외,위례신도시 주제공원 물이용놀이터,경기도 성남시 수정구 창곡동 168,316.5,2016-08-15,공공,물이용놀이기구(조합놀이대형)(1)+물이용놀이기구(대형버캣형)(1)+물이용놀이기구(기타)+ 단품)(2)+충격흡수용표면재(포설도포바닥재)(1),2023-06-22,Y,Y,Y,2025-07-05,37.4677724,127.1470056,2016,9,3.329069747569329,1,316.5,2
수정구,위례동,559603,주택단지,실외,위례자연앤센트럴자이 101동앞 놀이터(2),경기도 성남시 수정구 위례광장로 97,12.0,2017-04-14,민간,그네(1)+흔들놀이기구(3)+조합놀이대(1)+충격흡수용표면재(포설도포바닥재)(1),2023-04-27,Y,Y,N,2025-07-05,37.47374011,127.1388774,2017,8,4.304391997218466,0,12.0,2
수정구,위례동,559604,주택단지,실외,위례자연앤센트럴자이 108동앞 유아놀이터,경기도 성남시 수정구 위례광장로 97,467.9,2017-04-14,민간,흔들놀이기구(3)+조합놀이대(1)+충격흡수용표면재(포설도포바닥재)(1),2023-04-27,Y,Y,N,2025-07-05,37.47374011,127.1388774,2017,8,4.304391997218466,0,467.9,2
수정구,위례동,559605,주택단지,실외,위례자연앤센트럴자이 109동앞 놀이터(1),경기도 성남시 수정구 위례광장로 97,53.9,2017-04-14,민간,흔들놀이기구(3)+조합놀이대(1)+충격흡수용표면재(포설도포바닥재)(1),2023-04-27,Y,Y,N,2025-07-05,37.47374011,127.1388774,2017,8,4.304391997218466,0,53.9,2
수정구,위례동,559607,주택단지,실외,위례자연앤센트럴자이 111동앞 놀이터(3),경기도 성남시 수정구 위례광장로 97,21.7,2017-04-14,민간,그네(1)+흔들놀이기구(3)+조합놀이대(1)+충격흡수용표면재(포설도포바닥재)(1),2023-04-27,Y,Y,N,2025-07-05,37.47374011,127.1388774,2017,8,4.304391997218466,0,21.7,2
중원구,성남동,559863,주택단지,실외,성남여수 LH1단지 101동앞(목장놀이터),경기도 성남시 중원구 둔촌대로63번길 11,304.7,2017-04-03,민간,흔들놀이기구(3)+조합놀이대(1)+충격흡수용표면재(포설도포바닥재)(1),2023-05-16,Y,Y,N,2025-07-05,37.43235269,127.1251947,2017,8,0.7091060892163621,0,304.7,2
중원구,성남동,559864,주택단지,실외,성남여수 LH1단지 107동앞(둥지놀이터),경기도 성남시 중원구 둔촌대로63번길 11,120.66,2017-04-03,민간,그네(1)+흔들놀이기구(3)+조합놀이대(1)+충격흡수용표면재(포설도포바닥재)(1),2023-05-16,Y,Y,N,2025-07-05,37.43235269,127.1251947,2017,8,0.7091060892163621,0,120.66,2
중원구,성남동,559865,주택단지,실외,성남여수 LH1단지 보육시설앞(숲속놀이터),경기도 성남시 중원구 둔촌대로63번길 11,270.2,2017-04-03,민간,흔들놀이기구(3)+조합놀이대(1)+충격흡수용표면재(포설도포바닥재)(1),2023-05-16,Y,Y,N,2025-07-05,37.43235269,127.1251947,2017,8,0.7091060892163621,0,270.2,2
중원구,성남동,559866,주택단지,실외,성남여수 LH1단지 관리사무소옆(바닷속놀이터),경기도 성남시 중원구 둔촌대로63번길 11,335.0,2017-04-03,민간,흔들놀이기구(3)+조합놀이대(1)+충격흡수용표면재(포설도포바닥재)(1),2023-05-16,Y,Y,N,2025-07-05,37.43235269,127.1251947,2017,8,0.7091060892163621,0,335.0,2
수정구,위례동,560120,주택단지,실외,위례보미리즌빌 101동앞 놀이터,경기도 성남시 수정구 위례광장로 82,254.2,2017-02-26,민간,그네(1)+조합놀이대(1)+충격흡수용표면재(포설도포바닥재)(1),2023-06-01,Y,Y,N,2025-07-05,37.47180904,127.1411775,2017,8,4.008937690146647,0,254.2,2
수정구,위례동,560401,주택단지,실외,LH31단지 3109동앞 놀이터(1),경기도 성남시 수정구 위례순환로 17,114.78,2017-06-20,민간,그네(1)+흔들놀이기구(5)+조합놀이대(1)+충격흡수용표면재(포설도포바닥재)(1),2023-06-01,Y,Y,N,2025-07-05,37.47220083,127.1333193,2017,8,4.093664950428364,0,114.78,2
수정구,위례동,560402,주택단지,실외,LH31단지 3109동뒤 놀이터(2),경기도 성남시 수정구 위례순환로 17,297.5,2017-06-20,민간,회전놀이기구(1)+흔들놀이기구(4)+조합놀이대(1)+충격흡수용표면재(포설도포바닥재)(1),2023-10-13,Y,Y,N,2025-07-05,37.47220083,127.1333193,2017,8,4.093664950428364,0,297.5,2
수정구,위례동,560403,주택단지,실외,LH31단지 3107동앞 놀이터(3),경기도 성남시 수정구 위례순환로 17,47.21,2017-06-20,민간,그네(1)+흔들놀이기구(4)+조합놀이대(1)+충격흡수용표면재(포설도포바닥재)(1),2023-10-13,Y,N,N,2025-07-05,37.47220083,127.1333193,2017,8,4.093664950428364,0,47.21,2
수정구,위례동,560404,주택단지,실외,LH31단지 3101동뒤 놀이터(4),경기도 성남시 수정구 위례순환로 17,8.3,2017-06-20,민간,그네(1)+흔들놀이기구(3)+조합놀이대(1)+기타(1)+충격흡수용표면재(포설도포바닥재)(1),2023-06-01,Y,N,N,2025-07-05,37.47220083,127.1333193,2017,8,4.093664950428364,0,8.3,2
수정구,위례동,560405,주택단지,실외,LH31단지 3111동측면 놀이터(5),경기도 성남시 수정구 위례순환로 17,524.95,2017-06-20,민간,흔들놀이기구(4)+조합놀이대(1)+충격흡수용표면재(포설도포바닥재)(1),2023-06-01,Y,N,N,2025-07-05,37.47220083,127.1333193,2017,8,4.093664950428364,0,524.95,2
수정구,위례동,560406,주택단지,실외,LH31단지 3110동뒤 유아놀이터,경기도 성남시 수정구 위례순환로 17,309.86,2017-06-20,민간,흔들놀이기구(3)+조합놀이대(1)+충격흡수용표면재(포설도포바닥재)(1),2023-06-01,Y,N,N,2025-07-05,37.47220083,127.1333193,2017,8,4.093664950428364,0,309.86,2
수정구,위례동,560550,주택단지,실외,위례호반베르디움 5314동 놀이터,경기도 성남시 수정구 위례중앙로 216,241.35,2017-06-10,민간,그네(1)+흔들놀이기구(4)+조합놀이대(1)+기타(1)+충격흡수용표면재(포설도포바닥재)(1),2023-06-23,Y,N,N,2025-07-05,37.4724477,127.1537921,2017,8,3.3919303763689204,0,241.35,2
수정구,위례동,560611,도시공원,실외,위례신도시 근린공원 10호,경기도 성남시 수정구 창곡동 산58,115.04,2017-06-30,공공,그네(1)+흔들놀이기구(3)+조합놀이대(1)+충격흡수용표면재(포설도포바닥재)(1),2023-07-28,Y,N,N,2025-07-05,37.4677724,127.1470056,2017,8,3.329069747569329,1,115.04,2
수정구,위례동,560612,도시공원,실외,위례신도시 어린이공원 2호,경기도 성남시 수정구 창곡동 589,523.0,2017-06-30,공공,그네(1)+흔들놀이기구(2)+조합놀이대(2)+충격흡수용표면재(포설도포바닥재)(1),2023-05-31,Y,Y,N,2025-07-05,37.46458764,127.1477943,2017,8,3.029344798069172,1,523.0,2
수정구,위례동,561468,주택단지,실외,위례우남역푸르지오 401동앞 놀이터,경기도 성남시 수정구 위례광장로 9-9,442.81,2017-09-03,민간,그네(1)+흔들놀이기구(2)+조합놀이대(1)+충격흡수용표면재(포설도포바닥재)(1),2023-09-13,Y,Y,N,2025-07-05,37.46450561,127.1411226,2017,8,3.4767643074835526,0,442.81,2
수정구,위례동,561469,주택단지,실외,위례우남역푸르지오 502동앞 놀이터,경기도 성남시 수정구 위례광장로 9-9,423.1,2017-09-03,민간,그네(1)+흔들놀이기구(2)+조합놀이대(1)+충격흡수용표면재(포설도포바닥재)(1),2023-09-13,Y,Y,N,2025-07-05,37.46450561,127.1411226,2017,8,3.4767643074835526,0,423.1,2
수정구,위례동,561470,주택단지,실외,위례우남역푸르지오 601동앞 놀이터,경기도 성남시 수정구 위례광장로 9-9,200.0,2017-09-03,민간,그네(1)+흔들놀이기구(3)+조합놀이대(1)+충격흡수용표면재(포설도포바닥재)(1),2023-09-13,Y,Y,N,2025-07-05,37.46450561,127.1411226,2017,8,3.4767643074835526,0,200.0,2
수정구,위례동,561829,주택단지,실외,e편한세상테라스 위례5910동 놀이터(1),경기도 성남시 수정구 위례동이로 24,277.0,2017-10-24,민간,흔들놀이기구(2)+조합놀이대(1)+충격흡수용표면재(포설도포바닥재)(1),2023-11-10,Y,Y,N,2025-07-05,37.46697625,127.1518212,2017,8,2.9840266388303687,0,277.0,2
수정구,위례동,561830,주택단지,실외,e편한세상테라스 위례5915동 놀이터(2),경기도 성남시 수정구 위례동이로 24,413.0,2017-10-24,민간,흔들놀이기구(3)+조합놀이대(1)+충격흡수용표면재(포설도포바닥재)(1),2023-11-10,Y,Y,N,2025-07-05,37.46697625,127.1518212,2017,8,2.9840266388303687,0,413.0,2
수정구,위례동,561831,주택단지,실외,e편한세상테라스 위례5903동 놀이터(3),경기도 성남시 수정구 위례동이로 24,90.6,2017-10-24,민간,흔들놀이기구(3)+조합놀이대(1)+충격흡수용표면재(포설도포바닥재)(1),2023-11-10,Y,Y,N,2025-07-05,37.46697625,127.1518212,2017,8,2.9840266388303687,0,90.6,2
수정구,위례동,561832,주택단지,실외,e편한세상테라스 위례5904동 놀이터(4),경기도 성남시 수정구 위례동이로 24,98.56,2017-10-24,민간,흔들놀이기구(2)+조합놀이대(1)+충격흡수용표면재(포설도포바닥재)(1),2023-11-10,Y,N,N,2025-07-05,37.46697625,127.1518212,2017,8,2.9840266388303687,0,98.56,2
중원구,성남동,563052,도시공원,실외,모란공원 놀이터,경기도 성남시 중원구 성남동 4553,316.5,2017-12-10,공공,그네(1)+흔들놀이기구(5)+조합놀이대(1)+기타(2)+충격흡수용표면재(모래)(1)+충격흡수용표면재(포설도포바닥재)(1),2023-07-24,Y,N,N,2025-07-05,37.4313493,127.1327162,2017,8,1.3098051088167961,1,316.5,2
중원구,성남동,563053,도시공원,실외,모란생태공원 놀이터,경기도 성남시 중원구 성남동 4674,30.0,2017-12-10,공공,미끄럼틀(1)+흔들놀이기구(2)+오르는기구(1)+충격흡수용표면재(포설도포바닥재)(1),2023-07-24,Y,Y,N,2025-07-05,37.4287598,127.1239564,2017,8,0.9909558475710937,1,30.0,2
중원구,성남동,563054,도시공원,실외,도란도란 어린이공원,경기도 성남시 중원구 성남동 4470,544.4,2018-02-09,공공,그네(1)+흔들놀이기구(2)+조합놀이대(1)+충격흡수용표면재(포설도포바닥재)(1),2024-02-16,Y,Y,N,2025-07-05,37.4313493,127.1327162,2018,7,1.3098051088167961,1,544.4,2
분당구,운중동,563690,주택단지,실외,파크하임에비뉴 3동 옆 놀이터,경기도 성남시 분당구 하오개로357번길 17,328.0,2018-04-02,민간,흔들놀이기구(2)+조합놀이대(1)+충격흡수용표면재(고무바닥재)(1),2024-03-25,Y,Y,N,2025-07-05,37.39321115,127.0576002,2018,7,4.323095829356235,0,328.0,2
수정구,위례동,565937,주택단지,실외,위례포레스트 사랑으로부영 1007동 놀이터,경기도 성남시 수정구 헌릉로 1005,320.9,2018-10-02,민간,흔들놀이기구(6)+조합놀이대(1)+충격흡수용표면재(포설도포바닥재)(1),2022-10-26,Y,Y,N,2025-07-05,37.46243349,127.1444533,2018,7,3.103441078100105,0,320.9,2
수정구,위례동,565942,주택단지,실외,위례포레스트 사랑으로부영 1008동 놀이터,경기도 성남시 수정구 헌릉로 1005,100.0,2018-10-02,민간,그네(1)+흔들놀이기구(4)+조합놀이대(1)+충격흡수용표면재(포설도포바닥재)(1),2022-10-26,Y,Y,N,2025-07-05,37.46243349,127.1444533,2018,7,3.103441078100105,0,100.0,2
수정구,위례동,565945,주택단지,실외,위례포레스트 사랑으로부영 유아놀이터,경기도 성남시 수정구 헌릉로 1005,268.0,2018-10-02,민간,흔들놀이기구(2)+조합놀이대(1)+충격흡수용표면재(포설도포바닥재)(1),2022-10-26,Y,Y,N,2025-07-05,37.46243349,127.1444533,2018,7,3.103441078100105,0,268.0,2
중원구,도촌동,571093,주택단지,실외,KCC스위첸파티오 102동 놀이터,경기도 성남시 중원구 도촌남로 70-16,50.0,2019-10-14,민간,흔들놀이기구(2)+건너는기구(1)+조합놀이대(1)+기타(1)+충격흡수용표면재(포설도포바닥재)(1),2023-11-01,Y,Y,N,2025-07-05,37.41407646,127.1539585,2019,6,2.7702875385999173,0,50.0,2
중원구,도촌동,571095,주택단지,실외,KCC스위첸파티오 109동 놀이터,경기도 성남시 중원구 도촌남로 70-16,328.0,2019-10-14,민간,흔들놀이기구(2)+건너는기구(1)+조합놀이대(1)+기타(1)+충격흡수용표면재(포설도포바닥재)(1),2023-11-01,Y,N,N,2025-07-05,37.41407646,127.1539585,2019,6,2.7702875385999173,0,328.0,2
중원구,도촌동,571096,주택단지,실외,KCC스위첸파티오 204동 놀이터,경기도 성남시 중원구 도촌남로 70-16,90.0,2019-10-14,민간,조합놀이대(1)+기타(1)+충격흡수용표면재(포설도포바닥재)(1),2023-10-19,Y,N,N,2025-07-05,37.41407646,127.1539585,2019,6,2.7702875385999173,0,90.0,2
수정구,신흥2동,573548,주택단지,실외,산성역포레스티아 104동 놀이터,경기도 성남시 수정구 수정로 291,328.0,2020-04-09,민간,그네(1)+흔들놀이기구(2)+조합놀이대(1)+충격흡수용표면재(포설도포바닥재)(1),2024-05-31,Y,N,N,2025-07-05,37.45109009,127.1471734,2020,5,2.335223221041263,0,328.0,2
수정구,신흥2동,573549,주택단지,실외,산성역포레스티아 109동 놀이터,경기도 성남시 수정구 수정로 291,127.1,2020-04-09,민간,흔들놀이기구(4)+조합놀이대(1)+충격흡수용표면재(포설도포바닥재)(1),2024-05-31,Y,N,N,2025-07-05,37.45109009,127.1471734,2020,5,2.335223221041263,0,127.1,2
수정구,신흥2동,573786,주택단지,실외,산성역포레스티아 102동 놀이터,경기도 성남시 수정구 수정로 291,328.0,2020-04-25,민간,그네(1)+흔들놀이기구(2)+조합놀이대(1)+충격흡수용표면재(포설도포바닥재)(1),2024-05-31,Y,Y,N,2025-07-05,37.45109009,127.1471734,2020,5,2.335223221041263,0,328.0,2
수정구,신흥2동,573787,주택단지,실외,산성역포레스티아 128동 놀이터,경기도 성남시 수정구 수정로 291,170.0,2020-04-25,민간,그네(1)+흔들놀이기구(3)+오르는기구(1)+조합놀이대(1)+충격흡수용표면재(포설도포바닥재)(1),2024-05-31,Y,Y,N,2025-07-05,37.45109009,127.1471734,2020,5,2.335223221041263,0,170.0,2
수정구,신흥2동,573788,주택단지,실외,산성역포레스티아 134동 유아놀이터,경기도 성남시 수정구 수정로 291,655.0,2020-04-25,민간,흔들놀이기구(2)+오르는기구(1)+조합놀이대(1)+충격흡수용표면재(포설도포바닥재)(1),2024-05-31,Y,Y,N,2025-07-05,37.45109009,127.1471734,2020,5,2.335223221041263,0,655.0,2
수정구,신흥2동,573964,주택단지,실외,산성역포레스티아 115동 놀이터,경기도 성남시 수정구 수정로 291,579.0,2020-02-01,민간,그네(1)+흔들놀이기구(2)+오르는기구(1)+건너는기구(1)+조합놀이대(1)+충격흡수용표면재(포설도포바닥재)(1),2024-05-31,Y,Y,N,2025-07-05,37.45109009,127.1471734,2020,5,2.335223221041263,0,579.0,2
수정구,신흥2동,573965,주택단지,실외,산성역포레스티아 121동 놀이터,경기도 성남시 수정구 수정로 291,250.0,2020-05-01,민간,그네(1)+흔들놀이기구(3)+조합놀이대(1)+충격흡수용표면재(포설도포바닥재)(1),2024-05-31,Y,Y,N,2025-07-05,37.45109009,127.1471734,2020,5,2.335223221041263,0,250.0,2
수정구,신흥2동,573966,주택단지,실외,산성역포레스티아 122동 놀이터,경기도 성남시 수정구 수정로 291,322.53,2020-05-01,민간,그네(1)+흔들놀이기구(2)+조합놀이대(1)+충격흡수용표면재(포설도포바닥재)(1),2024-05-31,Y,Y,N,2025-07-05,37.45109009,127.1471734,2020,5,2.335223221041263,0,322.53,2
중원구,금광1동,575467,주택단지,실외,한양수자인 성남마크뷰 아파트 303동 놀이터,경기도 성남시 중원구 금광동 2622,328.0,2020-08-20,민간,그네(1)+흔들놀이기구(3)+조합놀이대(1)+기타(1)+충격흡수용표면재(포설도포바닥재)(1),2022-11-09,Y,N,N,2025-07-05,37.4475095,127.167266,2020,5,0.5202829365809267,0,328.0,2
중원구,금광1동,575468,주택단지,실외,한양수자인 성남마크뷰 아파트 305동 놀이터,경기도 성남시 중원구 금광동 2622,328.0,2020-08-20,민간,그네(1)+흔들놀이기구(3)+조합놀이대(1)+충격흡수용표면재(포설도포바닥재)(1),2022-11-09,Y,Y,N,2025-07-05,37.4475095,127.167266,2020,5,0.5202829365809267,0,328.0,2
분당구,이매1동,575580,주택단지,실외,럭키타운아파트 놀이터,경기도 성남시 분당구 이매로 173,328.0,2020-10-05,민간,흔들놀이기구(4)+조합놀이대(2)+충격흡수용표면재(고무바닥재)(1),2022-09-22,Y,Y,N,2025-07-05,37.39040685,127.1398822,2020,5,1.3107737325145612,0,328.0,2
중원구,금광1동,575652,주택단지,실외,한양수자인 성남마크뷰 305동 유아놀이터,경기도 성남시 중원구 금광동 2622,328.0,2020-10-12,민간,흔들놀이기구(2)+조합놀이대(1)+충격흡수용표면재(포설도포바닥재)(1),2022-11-09,Y,Y,N,2025-07-05,37.4475095,127.167266,2020,5,0.5202829365809267,0,328.0,2
수정구,위례동,575971,주택단지,실외,LH위례36단지 아파트 싱싱팜놀이터,경기도 성남시 수정구 창곡동 501,328.0,2020-11-09,민간,흔들놀이기구(3)+조합놀이대(1)+충격흡수용표면재(포설도포바닥재)(1),2022-11-24,Y,Y,N,2025-07-05,37.47199032,127.1346955,2020,5,4.1087910049408425,0,328.0,2
수정구,위례동,575972,주택단지,실외,LH위례36단지 아파트 폴짝폴짝놀이터,경기도 성남시 수정구 창곡동 501,145.4,2020-11-09,민간,그네(1)+미끄럼틀(1)+건너는기구(1)+충격흡수용표면재(포설도포바닥재)(1),2022-11-24,Y,Y,N,2025-07-05,37.47199032,127.1346955,2020,5,4.1087910049408425,0,145.4,2
분당구,서현1동,576085,도시공원,실외,서당(34호) 어린이공원 내 유아놀이터,경기도 성남시 분당구 서현동 302-1,316.5,2020-10-19,공공,조합놀이대(1)+충격흡수용표면재(모래)(1),2022-11-25,Y,Y,N,2025-07-05,37.37525181,127.1345294,2020,5,1.0748886895151712,1,316.5,2
분당구,백현동,577516,주택단지,실외,판교 더샵 퍼스트파크 108동 109동 사이 어린이놀이터2,경기도 성남시 분당구 백현동 516,133.0,2021-03-10,민간,그네(1)+흔들놀이기구(3)+건너는기구(1)+조합놀이대(3)+충격흡수용표면재(포설도포바닥재)(1),2023-04-03,Y,Y,N,2025-07-05,37.38340067,127.0946395,2021,4,1.0799789382650773,0,133.0,2
분당구,운중동,577517,주택단지,실외,더샵 판교포레스트 1107동 1101동 사이 유아놀이터,경기도 성남시 분당구 대장동 181-1,226.0,2021-03-02,민간,흔들놀이기구(2)+조합놀이대(1)+충격흡수용표면재(포설도포바닥재)(1),2023-03-04,Y,Y,N,2025-07-05,37.367782,127.0737544,2021,4,3.119123499550844,0,226.0,2
분당구,운중동,577518,주택단지,실외,더샵 판교포레스트 1102동 어린이놀이터1,경기도 성남시 분당구 대장동 181-1,214.0,2021-03-02,민간,그네(1)+흔들놀이기구(3)+조합놀이대(1)+충격흡수용표면재(포설도포바닥재)(1),2023-03-04,Y,Y,N,2025-07-05,37.367782,127.0737544,2021,4,3.119123499550844,0,214.0,2
분당구,운중동,577519,주택단지,실외,더샵 판교포레스트 1103동 1104동 사이 어린이놀이터2,경기도 성남시 분당구 대장동 181-1,128.0,2021-03-02,민간,그네(1)+흔들놀이기구(2)+조합놀이대(1)+충격흡수용표면재(포설도포바닥재)(1),2023-03-04,Y,Y,N,2025-07-05,37.367782,127.0737544,2021,4,3.119123499550844,0,128.0,2
분당구,운중동,577521,주택단지,실외,더샵 판교포레스트 1202동 앞 어린이놀이터1 옆 유아놀이터,경기도 성남시 분당구 대장동 287,288.0,2021-03-02,민간,흔들놀이기구(2)+조합놀이대(1)+충격흡수용표면재(포설도포바닥재)(1),2023-03-17,Y,Y,N,2025-07-05,37.36486369,127.0712664,2021,4,3.365498771465205,0,288.0,2
분당구,운중동,577522,주택단지,실외,더샵 판교포레스트 1203동 1209동 사이 어린이놀이터1,경기도 성남시 분당구 대장동 287,347.0,2021-03-02,민간,흔들놀이기구(3)+조합놀이대(1)+충격흡수용표면재(포설도포바닥재)(1),2023-03-17,Y,Y,N,2025-07-05,37.36486369,127.0712664,2021,4,3.365498771465205,0,347.0,2
분당구,운중동,577523,주택단지,실외,더샵 판교포레스트 1204동 1207동 사이 어린이놀이터2,경기도 성남시 분당구 대장동 287,613.88,2021-03-02,민간,그네(1)+흔들놀이기구(3)+조합놀이대(1)+충격흡수용표면재(포설도포바닥재)(1),2023-03-17,Y,Y,N,2025-07-05,37.36486369,127.0712664,2021,4,3.365498771465205,0,613.88,2
분당구,운중동,577571,주택단지,실외,판교퍼스트힐 푸르지오 A2BL 어린이놀이터1,경기도 성남시 분당구 대장동 56,322.0,2021-03-12,민간,그네(1)+흔들놀이기구(1)+건너는기구(1)+조합놀이대(2)+충격흡수용표면재(포설도포바닥재)(1),2023-04-03,Y,Y,N,2025-07-05,37.3753781,127.0690718,2021,4,3.5087551535790507,0,322.0,2
분당구,운중동,577771,주택단지,실외,판교퍼스트힐 푸르지오 103동 앞 어린이놀이터1,경기도 성남시 분당구 대장동 56,557.0,2021-04-01,민간,조합놀이대(1)+충격흡수용표면재(포설도포바닥재)(1),2023-04-03,Y,Y,N,2025-07-05,37.3753781,127.0690718,2021,4,3.5087551535790507,0,557.0,2
분당구,운중동,577772,주택단지,실외,판교퍼스트힐 푸르지오 107동 앞 어린이놀이터2,경기도 성남시 분당구 대장동 56,151.9,2021-04-01,민간,그네(1)+미끄럼틀(1)+건너는기구(1)+조합놀이대(1)+충격흡수용표면재(포설도포바닥재)(1),2023-04-03,Y,Y,N,2025-07-05,37.3753781,127.0690718,2021,4,3.5087551535790507,0,151.9,2
분당구,운중동,577773,주택단지,실외,판교퍼스트힐 푸르지오 어린이집 앞 유아놀이터,경기도 성남시 분당구 대장동 56,243.16,2021-04-01,민간,흔들놀이기구(1)+조합놀이대(1)+충격흡수용표면재(포설도포바닥재)(1),2023-04-03,Y,Y,N,2025-07-05,37.3753781,127.0690718,2021,4,3.5087551535790507,0,243.16,2
분당구,운중동,577780,주택단지,실외,힐스테이트 판교엘포레 301동 옆 어린이놀이터1,경기도 성남시 분당구 대장동 144,205.48,2021-02-25,민간,그네(1)+흔들놀이기구(1)+조합놀이대(1)+충격흡수용표면재(포설도포바닥재)(1),2023-04-06,Y,Y,N,2025-07-05,37.3696949,127.0677659,2021,4,3.6476564996272045,0,205.48,2
분당구,운중동,577781,주택단지,실외,힐스테이트 판교엘포레 404동 옆 어린이놀이터1,경기도 성남시 분당구 대장동 210,650.05,2021-03-04,민간,그네(1)+흔들놀이기구(2)+조합놀이대(1)+충격흡수용표면재(포설도포바닥재)(1),2023-03-17,Y,Y,N,2025-07-05,37.37165255,127.0672864,2021,4,3.7022920651434426,0,650.05,2
분당구,운중동,577782,주택단지,실외,힐스테이트 판교엘포레 606동 앞 어린이놀이터1,경기도 성남시 분당구 대장동산 19-2,201.1,2021-03-29,민간,흔들놀이기구(2)+건너는기구(1)+물이용놀이기구(조합놀이대형)(1)+물이용놀이기구(기타)+ 단품)(3)+충격흡수용표면재(포설도포바닥재)(1),2023-06-01,Y,Y,Y,2025-07-05,37.37335399,127.0683356,2021,4,3.6314513217660824,0,201.1,2
분당구,운중동,577783,주택단지,실외,힐스테이트 판교엘포레 603동 앞 어린이놀이터2,경기도 성남시 분당구 대장동산 19-2,108.82,2021-03-29,민간,그네(1)+흔들놀이기구(3)+조합놀이대(1)+충격흡수용표면재(포설도포바닥재)(1),2023-06-01,Y,Y,N,2025-07-05,37.37335399,127.0683356,2021,4,3.6314513217660824,0,108.82,2
분당구,운중동,577784,주택단지,실외,힐스테이트 판교엘포레 605동 앞 유아놀이터,경기도 성남시 분당구 대장동산 19-2,235.35,2021-03-29,민간,조합놀이대(1)+충격흡수용표면재(포설도포바닥재)(1),2023-06-01,Y,Y,N,2025-07-05,37.37335399,127.0683356,2021,4,3.6314513217660824,0,235.35,2
분당구,백현동,577785,주택단지,실외,판교 더샵 퍼스트파크 101동 앞 어린이놀이터1,경기도 성남시 분당구 백현동 516,318.47,2021-03-02,민간,흔들놀이기구(3)+건너는기구(1)+조합놀이대(1)+충격흡수용표면재(포설도포바닥재)(1),2023-04-18,Y,Y,N,2025-07-05,37.38340067,127.0946395,2021,4,1.0799789382650773,0,318.47,2
분당구,백현동,577786,주택단지,실외,판교 더샵 퍼스트파크 114동 앞 어린이놀이터3,경기도 성남시 분당구 백현동 516,309.7,2021-03-02,민간,물이용놀이기구(조합놀이대형)(1)+물이용놀이기구(기타)+ 단품)(4)+충격흡수용표면재(포설도포바닥재)(1),2023-03-27,Y,Y,Y,2025-07-05,37.38340067,127.0946395,2021,4,1.0799789382650773,0,309.7,2
분당구,운중동,577934,주택단지,실외,판교퍼스트힐 푸르지오 203동 앞 어린이놀이터1,경기도 성남시 분당구 대장동 71,63.0,2021-02-24,민간,흔들놀이기구(4)+건너는기구(1)+조합놀이대(1)+충격흡수용표면재(포설도포바닥재)(1),2023-04-03,Y,Y,N,2025-07-05,37.3745125,127.0692523,2021,4,3.531078988315537,0,63.0,2
분당구,운중동,577935,주택단지,실외,판교퍼스트힐 푸르지오 어린이집 옆 유아놀이터,경기도 성남시 분당구 대장동 71,328.0,2021-02-24,민간,흔들놀이기구(2)+조합놀이대(1)+충격흡수용표면재(포설도포바닥재)(1),2023-04-03,Y,Y,N,2025-07-05,37.3745125,127.0692523,2021,4,3.531078988315537,0,328.0,2
분당구,운중동,577977,도시공원,실외,1호 근린공원 내 어린이놀이터,경기도 성남시 분당구 대장동 77,316.5,2021-04-01,공공,그네(1)+흔들놀이기구(3)+조합놀이대(1)+충격흡수용표면재(포설도포바닥재)(1),2023-05-17,Y,Y,N,2025-07-05,37.3722697,127.0703606,2021,4,3.438735765308613,1,316.5,2
분당구,운중동,577978,도시공원,실외,1호 근린공원 내 유아놀이터,경기도 성남시 분당구 대장동 312-2,316.5,2021-04-01,공공,흔들놀이기구(2)+조합놀이대(2)+기타(1)+충격흡수용표면재(포설도포바닥재)(1),2023-05-17,Y,Y,N,2025-07-05,37.3633585,127.0688633,2021,4,3.6004907347224875,1,316.5,2
분당구,분당동,579042,도시공원,실외,장안(39호) 어린이공원 어린이놀이터1,경기도 성남시 분당구 분당동 89,46.0,2021-07-16,공공,그네(1)+흔들놀이기구(2)+조합놀이대(1)+충격흡수용표면재(모래)(1),2023-08-08,Y,Y,N,2025-07-05,37.37071156,127.141089,2021,4,1.0494554171283588,1,46.0,2
분당구,분당동,579043,도시공원,실외,장안(39호) 어린이공원 어린이놀이터2,경기도 성남시 분당구 분당동 89,316.5,2021-07-16,공공,건너는기구(2)+기타(1)+충격흡수용표면재(기타바닥재)(1),2023-08-08,Y,Y,N,2025-07-05,37.37071156,127.141089,2021,4,1.0494554171283588,1,316.5,2
분당구,운중동,579224,주택단지,실외,판교풍경채 어바니티5단지아파트 어린이놀이터1,경기도 성남시 분당구 대장동 301-1,328.0,2021-08-04,민간,그네(1)+흔들놀이기구(3)+조합놀이대(1)+충격흡수용표면재(포설도포바닥재)(1),2023-09-01,Y,Y,N,2025-07-05,37.3633179,127.0708231,2021,4,3.4306712873539937,0,328.0,2
분당구,운중동,579225,주택단지,실외,판교풍경채 어바니티5단지아파트 어린이놀이터2,경기도 성남시 분당구 대장동 301-1,328.0,2021-08-04,민간,그네(1)+조합놀이대(1)+충격흡수용표면재(포설도포바닥재)(1),2023-09-01,Y,Y,N,2025-07-05,37.3633179,127.0708231,2021,4,3.4306712873539937,0,328.0,2
분당구,운중동,579226,주택단지,실외,판교풍경채 어바니티7단지아파트 어린이놀이터1,경기도 성남시 분당구 대장동 산27-8,328.0,2021-08-04,민간,그네(1)+흔들놀이기구(2)+조합놀이대(1)+기타(1)+충격흡수용표면재(포설도포바닥재)(1),2023-09-15,Y,Y,N,2025-07-05,37.3671712,127.0675027,2021,4,3.6740150995066565,0,328.0,2
분당구,운중동,579227,주택단지,실외,판교풍경채 어바니티7단지아파트 어린이놀이터2,경기도 성남시 분당구 대장동 산27-8,328.0,2021-08-04,민간,그네(1)+조합놀이대(1)+충격흡수용표면재(포설도포바닥재)(1),2023-09-15,Y,Y,N,2025-07-05,37.3671712,127.0675027,2021,4,3.6740150995066565,0,328.0,2
분당구,운중동,579228,주택단지,실외,판교풍경채 어바니티7단지아파트 유아놀이터,경기도 성남시 분당구 대장동 산27-8,328.0,2021-08-04,민간,흔들놀이기구(2)+조합놀이대(1)+충격흡수용표면재(포설도포바닥재)(1),2023-09-15,Y,N,N,2025-07-05,37.3671712,127.0675027,2021,4,3.6740150995066565,0,328.0,2
분당구,운중동,580543,도시공원,실외,운중어린이공원,경기도 성남시 분당구 운중동 307-3,48.0,2021-11-01,공공,그네(1)+흔들놀이기구(3)+조합놀이대(2)+충격흡수용표면재(포설도포바닥재)(1),2023-10-25,Y,Y,N,2025-07-05,37.39271886,127.0600866,2021,4,4.097629362967062,1,48.0,2
중원구,금광1동,582805,주택단지,실외,e편한세상 금빛그랑메종 108동 앞  어린이놀이터,경기도 성남시 중원구 광명로300번길 14,133.0,2022-04-30,민간,그네(1)+흔들놀이기구(3)+조합놀이대(1)+충격흡수용표면재(포설도포바닥재)(1),2022-09-30,Y,N,N,2025-07-05,37.4437066,127.1604728,2022,3,1.1181506820008777,0,133.0,2
중원구,금광1동,582806,주택단지,실외,e편한세상 금빛그랑메종 107동 어린이집 앞  유아놀이터,경기도 성남시 중원구 광명로300번길 14,314.0,2022-04-30,민간,흔들놀이기구(3)+조합놀이대(1)+충격흡수용표면재(포설도포바닥재)(1),2022-09-30,Y,N,N,2025-07-05,37.4437066,127.1604728,2022,3,1.1181506820008777,0,314.0,2
중원구,금광1동,582807,주택단지,실외,e편한세상 금빛그랑메종 203동 앞  어린이놀이터,경기도 성남시 중원구 광명로300번길 14,312.0,2022-04-30,민간,물이용놀이기구(조합놀이대형)(1)+물이용놀이기구(기타)+ 단품)(3)+충격흡수용표면재(포설도포바닥재)(1),2022-09-30,Y,N,Y,2025-07-05,37.4437066,127.1604728,2022,3,1.1181506820008777,0,312.0,2
중원구,금광1동,582808,주택단지,실외,e편한세상 금빛그랑메종 402동 뒤  어린이놀이터,경기도 성남시 중원구 광명로300번길 14,542.0,2022-04-30,민간,흔들놀이기구(4)+조합놀이대(1)+충격흡수용표면재(포설도포바닥재)(1),2022-09-30,Y,N,N,2025-07-05,37.4437066,127.1604728,2022,3,1.1181506820008777,0,542.0,2
중원구,금광1동,582809,주택단지,실외,e편한세상 금빛그랑메종 403동 앞  어린이놀이터,경기도 성남시 중원구 광명로300번길 14,663.0,2022-04-30,민간,물이용놀이기구(조합놀이대형)(1)+물이용놀이기구(기타)+ 단품)(3)+기타(2)+충격흡수용표면재(포설도포바닥재)(1),2023-01-13,Y,N,Y,2025-07-05,37.4437066,127.1604728,2022,3,1.1181506820008777,0,663.0,2
중원구,금광1동,582810,주택단지,실외,e편한세상 금빛그랑메종 604동 앞  어린이놀이터,경기도 성남시 중원구 광명로300번길 14,132.0,2022-04-30,민간,그네(1)+흔들놀이기구(5)+조합놀이대(1)+충격흡수용표면재(포설도포바닥재)(1),2022-09-30,Y,N,N,2025-07-05,37.4437066,127.1604728,2022,3,1.1181506820008777,0,132.0,2
중원구,금광1동,582811,주택단지,실외,e편한세상 금빛그랑메종 602동 어린이집 앞 유아놀이터,경기도 성남시 중원구 광명로300번길 14,328.0,2022-04-30,민간,흔들놀이기구(2)+조합놀이대(1)+기타(1)+충격흡수용표면재(포설도포바닥재)(1),2022-09-30,Y,Y,N,2025-07-05,37.4437066,127.1604728,2022,3,1.1181506820008777,0,328.0,2
중원구,성남동,583048,주택단지,실외,신흥역하늘채랜더스원 101동 앞 어린이놀이터,경기도 성남시 중원구 시민로104번길 31,328.0,2022-06-20,민간,그네(1)+흔들놀이기구(4)+조합놀이대(1)+기타(2)+충격흡수용표면재(포설도포바닥재)(1),2024-06-27,Y,Y,N,2025-07-05,37.4348527,127.1487171,2022,3,2.45965854379178,0,328.0,2
중원구,성남동,583049,주택단지,실외,신흥역하늘채랜더스원 303동 뒤 어린이놀이터,경기도 성남시 중원구 시민로104번길 31,328.0,2022-06-20,민간,흔들놀이기구(3)+건너는기구(1)+조합놀이대(1)+기타(1)+충격흡수용표면재(포설도포바닥재)(1),2024-06-12,Y,Y,N,2025-07-05,37.4348527,127.1487171,2022,3,2.45965854379178,0,328.0,2
중원구,성남동,583187,주택단지,실외,신흥역하늘채랜더스원 111동 앞 어린이놀이터,경기도 성남시 중원구 시민로104번길 31-2,328.0,2022-05-27,민간,흔들놀이기구(2)+조합놀이대(1)+충격흡수용표면재(포설도포바닥재)(1),2024-06-27,Y,Y,N,2025-07-05,37.4348527,127.1487171,2022,3,2.45965854379178,0,328.0,2
중원구,성남동,583188,주택단지,실외,신흥역하늘채랜더스원 104동 앞 어린이놀이터,경기도 성남시 중원구 시민로104번길 31-2,328.0,2022-05-27,민간,흔들놀이기구(3)+조합놀이대(1)+충격흡수용표면재(포설도포바닥재)(1),2024-06-27,Y,Y,N,2025-07-05,37.4348527,127.1487171,2022,3,2.45965854379178,0,328.0,2
중원구,성남동,583189,주택단지,실외,신흥역하늘채랜더스원 103동 앞 어린이놀이터,경기도 성남시 중원구 시민로104번길 31-2,328.0,2022-05-27,민간,그네(1)+흔들놀이기구(2)+조합놀이대(1)+충격흡수용표면재(포설도포바닥재)(1),2024-06-27,Y,Y,N,2025-07-05,37.4348527,127.1487171,2022,3,2.45965854379178,0,328.0,2
중원구,성남동,583190,주택단지,실외,신흥역하늘채랜더스원 어린이집 앞 유아놀이터,경기도 성남시 중원구 시민로104번길 31-2,328.0,2022-05-27,민간,흔들놀이기구(4)+조합놀이대(1)+충격흡수용표면재(포설도포바닥재)(1),2024-06-27,Y,Y,N,2025-07-05,37.4348527,127.1487171,2022,3,2.45965854379178,0,328.0,2
중원구,성남동,583191,주택단지,실외,신흥역하늘채랜더스원 201동 앞 어린이놀이터,경기도 성남시 중원구 시민로104번길 31-2,328.0,2022-05-27,민간,그네(1)+흔들놀이기구(3)+조합놀이대(1)+충격흡수용표면재(포설도포바닥재)(1),2024-07-08,Y,Y,N,2025-07-05,37.4348527,127.1487171,2022,3,2.45965854379178,0,328.0,2
중원구,성남동,583192,주택단지,실외,신흥역하늘채랜더스원 402동 앞 어린이놀이터,경기도 성남시 중원구 시민로104번길 31-2,328.0,2022-05-27,민간,그네(1)+흔들놀이기구(2)+조합놀이대(1)+충격흡수용표면재(포설도포바닥재)(1),2024-06-07,Y,Y,N,2025-07-05,37.4348527,127.1487171,2022,3,2.45965854379178,0,328.0,2
중원구,성남동,583193,주택단지,실외,신흥역하늘채랜더스원 402동 뒤 어린이놀이터,경기도 성남시 중원구 시민로104번길 31-2,220.0,2022-05-27,민간,흔들놀이기구(3)+조합놀이대(1)+충격흡수용표면재(포설도포바닥재)(1),2024-06-07,Y,Y,N,2025-07-05,37.4348527,127.1487171,2022,3,2.45965854379178,0,220.0,2
중원구,금광1동,583363,주택단지,실외,e편한세상 금빛그랑메종 204동 어린이놀이터,경기도 성남시 중원구 광명로300번길 14,450.0,2022-06-17,민간,그네(1)+흔들놀이기구(4)+조합놀이대(1)+충격흡수용표면재(포설도포바닥재)(1),2024-05-16,Y,Y,N,2025-07-05,37.4437066,127.1604728,2022,3,1.1181506820008777,0,450.0,2
중원구,금광1동,583364,주택단지,실외,e편한세상 금빛그랑메종 302동 어린이놀이터,경기도 성남시 중원구 광명로300번길 14,310.0,2022-06-17,민간,흔들놀이기구(2)+물이용놀이기구(조합놀이대형)(3)+물이용놀이기구(기타)+ 단품)(1)+충격흡수용표면재(포설도포바닥재)(1),2024-05-16,Y,Y,Y,2025-07-05,37.4437066,127.1604728,2022,3,1.1181506820008777,0,310.0,2
중원구,금광1동,583365,주택단지,실외,e편한세상 금빛그랑메종 304동 어린이놀이터,경기도 성남시 중원구 광명로300번길 14,560.0,2022-06-17,민간,그네(1)+흔들놀이기구(3)+조합놀이대(1)+충격흡수용표면재(포설도포바닥재)(1),2022-09-30,Y,Y,N,2025-07-05,37.4437066,127.1604728,2022,3,1.1181506820008777,0,560.0,2
중원구,금광1동,583366,주택단지,실외,e편한세상 금빛그랑메종 501동 어린이놀이터,경기도 성남시 중원구 광명로300번길 14,155.0,2022-06-17,민간,그네(1)+흔들놀이기구(5)+조합놀이대(1)+충격흡수용표면재(포설도포바닥재)(1),2022-09-30,Y,Y,N,2025-07-05,37.4437066,127.1604728,2022,3,1.1181506820008777,0,155.0,2
중원구,금광1동,583368,주택단지,실외,e편한세상 금빛그랑메종 506동 유아놀이터,경기도 성남시 중원구 광명로300번길 14,300.0,2022-06-17,민간,흔들놀이기구(2)+조합놀이대(1)+기타(1)+충격흡수용표면재(포설도포바닥재)(1),2022-09-30,Y,Y,N,2025-07-05,37.4437066,127.1604728,2022,3,1.1181506820008777,0,300.0,2
중원구,금광1동,583369,주택단지,실외,e편한세상 금빛그랑메종 601동 어린이놀이터,경기도 성남시 중원구 광명로300번길 14,240.0,2022-06-17,민간,그네(1)+흔들놀이기구(2)+조합놀이대(1)+충격흡수용표면재(포설도포바닥재)(1),2022-09-30,Y,Y,N,2025-07-05,37.4437066,127.1604728,2022,3,1.1181506820008777,0,240.0,2
중원구,금광1동,583371,주택단지,실외,e편한세상 금빛그랑메종 604동 뒤 어린이놀이터,경기도 성남시 중원구 광명로300번길 14,20.0,2022-06-17,민간,그네(1)+흔들놀이기구(4)+건너는기구(1)+조합놀이대(1)+충격흡수용표면재(포설도포바닥재)(1),2022-09-30,Y,Y,N,2025-07-05,37.4437066,127.1604728,2022,3,1.1181506820008777,0,20.0,2
중원구,금광1동,583549,주택단지,실외,e편한세상 금빛그랑메종 1BL 101동 앞 어린이놀이터,경기도 성남시 중원구 금광동 34,328.0,2022-07-25,민간,물이용놀이기구(조합놀이대형)(2)+물이용놀이기구(대형버캣형)(1)+물이용놀이기구(기타)+ 단품)(4)+충격흡수용표면재(포설도포바닥재)(1),2022-09-30,Y,Y,Y,2025-07-05,37.43685224,127.1600183,2022,3,1.5165261862562092,0,328.0,2
중원구,금광1동,583550,주택단지,실외,e편한세상 금빛그랑메종 1BL 109동 옆 어린이놀이터,경기도 성남시 중원구 금광동 34,328.0,2022-07-25,민간,그네(1)+흔들놀이기구(3)+조합놀이대(1)+충격흡수용표면재(포설도포바닥재)(1),2022-09-30,Y,Y,N,2025-07-05,37.43685224,127.1600183,2022,3,1.5165261862562092,0,328.0,2
중원구,금광1동,583551,주택단지,실외,e편한세상 금빛그랑메종 3BL 303동 옆 어린이놀이터,경기도 성남시 중원구 금광동 34,328.0,2022-07-25,민간,그네(1)+흔들놀이기구(2)+조합놀이대(1)+충격흡수용표면재(포설도포바닥재)(1),2022-09-30,Y,Y,N,2025-07-05,37.43685224,127.1600183,2022,3,1.5165261862562092,0,328.0,2
중원구,금광1동,583552,주택단지,실외,e편한세상 금빛그랑메종 3BL 306동 앞 유아놀이터,경기도 성남시 중원구 금광동 34,328.0,2022-07-25,민간,흔들놀이기구(3)+조합놀이대(1)+충격흡수용표면재(포설도포바닥재)(1),2022-09-30,Y,Y,N,2025-07-05,37.43685224,127.1600183,2022,3,1.5165261862562092,0,328.0,2
중원구,금광1동,583553,주택단지,실외,e편한세상 금빛그랑메종 4BL 403동 앞 유아놀이터,경기도 성남시 중원구 금광동 34,328.0,2022-07-25,민간,흔들놀이기구(2)+조합놀이대(1)+기타(1)+충격흡수용표면재(포설도포바닥재)(1),2022-09-30,Y,Y,N,2025-07-05,37.43685224,127.1600183,2022,3,1.5165261862562092,0,328.0,2
중원구,금광1동,583554,주택단지,실외,e편한세상 금빛그랑메종 4BL 408동 앞 어린이놀이터,경기도 성남시 중원구 금광동 34,328.0,2022-07-25,민간,그네(1)+흔들놀이기구(4)+조합놀이대(1)+충격흡수용표면재(포설도포바닥재)(1),2023-02-27,Y,Y,N,2025-07-05,37.43685224,127.1600183,2022,3,1.5165261862562092,0,328.0,2
중원구,금광1동,583555,주택단지,실외,e편한세상 금빛그랑메종 5BL 505동 앞 어린이놀이터,경기도 성남시 중원구 금광동 34,13.0,2022-07-25,민간,공중놀이기구(1)+흔들놀이기구(3)+물이용놀이기구(조합놀이대형)(1)+물이용놀이기구(대형버캣형)(1)+물이용놀이기구(기타)+ 단품)(4)+충격흡수용표면재(포설도포바닥재)(1),2022-10-07,Y,Y,Y,2025-07-05,37.43685224,127.1600183,2022,3,1.5165261862562092,0,13.0,2
중원구,중앙동,583906,도시공원,실외,성남중1주택재개발 제일어린이공원,경기도 성남시 중원구 중앙동 2707,52.8,2022-08-01,공공,그네(1)+흔들놀이기구(4)+건너는기구(1)+조합놀이대(2)+충격흡수용표면재(포설도포바닥재)(1),2022-09-02,Y,Y,N,2025-07-05,37.4397249,127.1485576,2022,3,2.2509497852992273,1,52.8,2
중원구,금광1동,584847,도시공원,실외,금상어린이공원 놀이터1,경기도 성남시 중원구 금광동 1627,316.5,2022-11-07,공공,그네(1)+흔들놀이기구(3)+조합놀이대(1)+충격흡수용표면재(포설도포바닥재)(1),2022-12-05,Y,Y,N,2025-07-05,37.4439039,127.1655137,2022,3,0.6838423994342097,1,316.5,2
중원구,금광1동,584848,도시공원,실외,금상어린이공원 놀이터2,경기도 성남시 중원구 금광동 1627,316.5,2022-11-07,공공,그네(1)+흔들놀이기구(3)+조합놀이대(1)+충격흡수용표면재(포설도포바닥재)(1),2022-12-05,Y,Y,N,2025-07-05,37.4439039,127.1655137,2022,3,0.6838423994342097,1,316.5,2
중원구,금광1동,584849,도시공원,실외,박석어린이공원 놀이터,경기도 성남시 중원구 금광동 497,26.0,2022-11-07,공공,미끄럼틀(1)+흔들놀이기구(2)+오르는기구(5)+조합놀이대(1)+충격흡수용표면재(포설도포바닥재)(1),2022-12-05,Y,Y,N,2025-07-05,37.4438389,127.162147,2022,3,0.9709601449240961,1,26.0,2
수정구,위례동,585765,주택단지,실외,위례자이더시티 아파트 5106동앞 어린이놀이터,경기도 성남시 수정구 창곡동 512,187.0,2022-12-30,민간,흔들놀이기구(3)+건너는기구(1)+조합놀이대(1)+충격흡수용표면재(포설도포바닥재)(1),2023-02-15,Y,N,N,2025-07-05,37.47248643,127.1484443,2022,3,3.652255437880186,0,187.0,2
수정구,위례동,585767,주택단지,실외,위례자이더시티 아파트 어린이집앞 유아놀이터,경기도 성남시 수정구 창곡동 512,17.0,2022-12-30,민간,흔들놀이기구(3)+조합놀이대(1)+충격흡수용표면재(포설도포바닥재)(1),2023-02-15,Y,N,N,2025-07-05,37.47248643,127.1484443,2022,3,3.652255437880186,0,17.0,2
수정구,위례동,585900,주택단지,실외,위례자이더시티 어린이집 옆 어린이놀이터,경기도 성남시 수정구 창곡동 5112,328.0,2023-01-12,민간,그네(1)+흔들놀이기구(4)+오르는기구(1)+건너는기구(1)+조합놀이대(1)+물이용놀이기구(기타)+ 단품)(1)+기타(1)+충격흡수용표면재(포설도포바닥재)(1),2023-02-13,Y,Y,Y,2025-07-05,37.4677724,127.1470056,2023,2,3.329069747569329,0,328.0,2
분당구,운중동,587435,주택단지,실외,성남판교대장 A-9BL 아파트(국민221호) 어린이놀이시설,경기도 성남시 분당구 대장동 230-2,150.1,2023-04-12,민간,흔들놀이기구(3)+조합놀이대(1)+충격흡수용표면재(포설도포바닥재)(1),2023-05-18,Y,Y,N,2025-07-05,37.3649262,127.0670567,2023,2,3.733884550173579,0,150.1,2
분당구,운중동,588073,주택단지,실외,판교SK뷰테라스 어린이놀이터(101동),경기도 성남시 분당구 대장동 117,328.0,2023-05-10,민간,흔들놀이기구(3)+조합놀이대(1)+충격흡수용표면재(기타바닥재)(1),2023-07-03,Y,Y,N,2025-07-05,37.3747232,127.0667892,2023,2,3.7230740811838654,0,328.0,2
중원구,하대원동,590107,도시공원,실외,성남 둔촌어린이놀이터,경기도 성남시 중원구 하대원동155-7,316.5,2023-09-01,공공,건너는기구(1)+조합놀이대(1)+기타(1)+충격흡수용표면재(모래)(1)+충격흡수용표면재(포설도포바닥재)(1),2023-10-06,Y,N,N,2025-07-05,37.42789057,127.1496967,2023,2,2.835556047994949,1,316.5,2
분당구,판교동,590261,도시공원,실외,판교공원 유아숲체험원,경기 성남시 분당구 판교공원로4길 27 판교공원 유아숲체험원,316.5,2021-07-31,공공,미끄럼틀(1)+충격흡수용표면재(모래)(1)+충격흡수용표면재(기타바닥재)(1),2023-10-31,Y,N,N,2025-07-05,37.39202206,127.0905508,2021,4,1.4638484992875875,1,316.5,2
중원구,은행2동,590604,도시공원,실외,은행동 14호 소공원,경기도 성남시 중원구 은행동 2473,316.5,2023-10-25,공공,미끄럼틀(2)+오르는기구(1)+충격흡수용표면재(포설도포바닥재)(1),2023-11-29,N,Y,N,2025-07-05,37.45613455,127.1706517,2023,2,1.149038552321472,1,316.5,2
중원구,은행2동,1000172,도시공원,실외,은행제13호공원 어린이놀이터,경기 성남시 중원구 은행동 2509,316.5,2023-11-04,공공,미끄럼틀(2)+오르는기구(3)+기타(1)+충격흡수용표면재(포설도포바닥재)(1),2023-12-12,N,Y,N,2025-07-05,37.45520515,127.1671897,2023,2,1.1433349094345813,1,316.5,2
수정구,위례동,1002039,도시공원,실외,위례공원 유아숲체험원,경기 성남시 수정구 위례동이로 31 위례공원 유아숲체험원,316.5,2020-06-01,공공,오르는기구(2)+조합놀이대(1)+기타(1)+충격흡수용표면재(모래)(1)+충격흡수용표면재(기타바닥재)(1),2024-06-25,N,Y,N,2025-07-05,37.46752504,127.1532327,2020,5,2.957561148455864,1,316.5,2
분당구,구미동,1002648,도시공원,실외,성남 머내과학공원,경기 성남시 분당구 구미동 19,466.0,2024-07-09,공공,건너는기구(7)+조합놀이대(2)+기타(6)+충격흡수용표면재(포설도포바닥재)(1)+충격흡수용표면재(모래)(1),2024-08-21,Y,Y,N,2025-07-05,37.34639443,127.1061074,2024,1,1.1711330492731749,1,466.0,2
분당구,운중동,1002804,주택단지,실외,판교대장로5길 70 1005동앞 어린이놀이터4,경기 성남시 분당구 판교대장로5길 70,351.0,2024-08-15,공공,공중놀이기구(1)+기타(1)+조합놀이대(1)+충격흡수용표면재(포설도포바닥재)(1),2024-09-12,Y,Y,N,2025-07-05,37.36798229,127.0713225,2024,1,3.3332256295454648,1,351.0,2
분당구,운중동,1002805,주택단지,실외,판교대장로5길 70 1011동앞 어린이놀이터3,경기 성남시 분당구 판교대장로5길 70,314.0,2024-08-15,공공,건너는기구(1)+기타(1)+조합놀이대(1)+충격흡수용표면재(포설도포바닥재)(1),2024-09-12,Y,Y,N,2025-07-05,37.36798229,127.0713225,2024,1,3.3332256295454648,1,314.0,2
분당구,운중동,1002806,주택단지,실외,판교대장로5길 70 1002동 1003동 사이 어린이놀이터2,경기 성남시 분당구 판교대장로5길 70,391.0,2024-08-15,공공,물이용놀이기구(3)+흔들놀이기구(1)+그네(1)+충격흡수용표면재(포설도포바닥재)(1),2024-09-12,Y,Y,Y,2025-07-05,37.36798229,127.0713225,2024,1,3.3332256295454648,1,391.0,2
분당구,운중동,1003020,주택단지,실외,판교대장로5길 70 -유아놀이터,경기 성남시 분당구 판교대장로5길 70,249.22,2024-08-22,민간,흔들놀이기구(2)+기타(2)+조합놀이대(1)+충격흡수용표면재(포설도포바닥재)(1),2024-09-19,Y,Y,N,2025-07-05,37.36798229,127.0713225,2024,1,3.3332256295454648,0,249.22,2
분당구,운중동,1003021,주택단지,실외,판교 해링턴 플레이스,경기 성남시 분당구 판교대장로5길 70,351.78,2024-08-22,민간,오르는기구(1)+미끄럼틀(1)+건너는기구(1)+조합놀이대(1)+충격흡수용표면재(포설도포바닥재)(1),2024-09-19,Y,Y,N,2025-07-05,37.36798229,127.0713225,2024,1,3.3332256295454648,0,351.78,2
중원구,도촌동,1003737,도시공원,실외,여수울 어린이놀이터,경기 성남시 중원구 성남대로1048번길 41,316.5,2024-12-09,공공,오르는기구(5)+미끄럼틀(1)+공중놀이기구(1)+조합놀이대(1)+기타(3)+충격흡수용표면재(포설도포바닥재)(1)+충격흡수용표면재(모래)(1)+충격흡수용표면재(기타바닥재)(2),2024-12-27,Y,N,N,2025-07-05,37.42118586,127.1324573,2024,1,1.426633441611909,1,316.5,2
중원구,도촌동,1003794,도시공원,실외,금잉어 어린이공원(제4-1호),경기 성남시 중원구 도촌동 658,316.5,2024-12-04,공공,오르는기구(3)+미끄럼틀(1)+충격흡수용표면재(포설도포바닥재)(1)+충격흡수용표면재(모래)(1),2024-12-27,Y,Y,N,2025-07-05,37.41554636,127.1569257,2024,1,3.0538777579250467,1,316.5,2
