구,행정동,사업장명,인허가일자,소재지지번주소,소재지도로명주소
수정구,고등동,별약국,2021-01-26,경기도 성남시 수정구 고등동 593번지 6호 ,"경기도 성남시 수정구 청계산로 689, 1층 103호 (고등동)"
수정구,고등동,코리아약국,2024-04-03,경기도 성남시 수정구 고등동 572번지 현대지식산업센터 성남고등 ,"경기도 성남시 수정구 고등로 3, 현대지식산업센터 성남고등 C동 B11층 6호 (고등동)"
수정구,고등동,더조은약국,2024-11-07,경기도 성남시 수정구 고등동 597번지 ,"경기도 성남시 수정구 청계산로 695, 1층 107호 (고등동)"
수정구,고등동,메가팩토리약국,2025-06-17,경기도 성남시 수정구 고등동 581번지 2호 ,"경기도 성남시 수정구 고등로5길 10, 1층 일부호 (고등동)"
분당구,구미동,성빈약국,2004-05-11,경기도 성남시 분당구 구미동 205번지 1호 오성프라자 302호 ,"경기도 성남시 분당구 미금로 48, 302호 (구미동, 오성플라자)"
분당구,구미동,무지개약국,2019-11-05,"경기도 성남시 분당구 구미동 159번지 월드쇼핑,삼성SDA C-1호 ","경기도 성남시 분당구 탄천상로151번길 20, 월드쇼핑,삼성SDA 지1층 C-1호 (구미동)"
분당구,구미동,알파약국,2020-04-07,경기도 성남시 분당구 구미동 23번지 1호 분당프라자 ,"경기도 성남시 분당구 돌마로 68, 분당프라자 308호 (구미동)"
분당구,구미동,분당메디칼약국,2020-07-09,경기도 성남시 분당구 구미동 23번지 1호 분당프라자 ,"경기도 성남시 분당구 돌마로 68, 분당프라자 1층 112,113호 (구미동)"
분당구,구미동,하나약국,2022-07-12,경기도 성남시 분당구 구미동 144번지 4호 하나빌딩 101호 ,"경기도 성남시 분당구 미금일로 71, 하나빌딩 101호 (구미동)"
분당구,구미1동,우리마을약국,2022-09-19,경기도 성남시 분당구 구미동 112번지 2호 하얀마을아파트 205호 ,"경기도 성남시 분당구 미금일로 55, 하얀마을아파트 205호 (구미동)"
분당구,구미동,더사랑약국,2023-06-13,경기도 성남시 분당구 구미동 23번지 1호 분당프라자 508호 ,"경기도 성남시 분당구 돌마로 68, 분당프라자 5층 508호 (구미동)"
분당구,구미동,미래팜대학약국,2023-08-14,경기도 성남시 분당구 구미동 7번지 2호 101호 ,"경기도 성남시 분당구 돌마로 46, 101호 (구미동)"
분당구,구미동,무지개약국,2023-09-12,경기도 성남시 분당구 구미동 159번지 월드쇼핑(CGV Square) C-1호 ,"경기도 성남시 분당구 탄천상로151번길 20, 월드쇼핑(CGV Square) 지1층 C-1호 (구미동)"
분당구,구미1동,시니어스약국,2023-10-20,경기도 성남시 분당구 구미동 297번지 2호 서울시니어스분당타워 161호 ,"경기도 성남시 분당구 구미로173번길 47, 서울시니어스분당타워 161호 (구미동)"
분당구,금곡동,버즈약국,2022-03-16,경기도 성남시 분당구 궁내동 251번지 104호 ,"경기도 성남시 분당구 궁내로40번길 39, 104호 (궁내동)"
분당구,금곡동,분당중앙 약국,2004-03-03,경기도 성남시 분당구 금곡동 206번지 대덕프라자 103호 ,"경기도 성남시 분당구 정자일로 25, 103호 (금곡동, 대덕프라자)"
분당구,금곡동,새분당서울약국,2013-08-26,경기도 성남시 분당구 금곡동 154번지 미금프라자 106호 ,"경기도 성남시 분당구 돌마로 75, 106호 (금곡동, 미금프라자)"
분당구,금곡동,임약국,2014-06-10,경기도 성남시 분당구 금곡동 159번지 한국프라자 ,"경기도 성남시 분당구 성남대로 170, 301호 (금곡동, 한국프라자)"
분당구,금곡동,태광약국,2016-07-19,경기도 성남시 분당구 금곡동 158번지 ,"경기도 성남시 분당구 성남대로 168 (금곡동, 미도프라자)"
분당구,금곡동,온누리 길약국,2018-05-28,경기도 성남시 분당구 금곡동 157번지 금산젬월드 115호 ,"경기도 성남시 분당구 돌마로 67, 금산젬월드 115호 (금곡동)"
분당구,금곡동,건강백세약국,2019-03-17,경기도 성남시 분당구 금곡동 168번지 메디파크빌딩 102호 ,"경기도 성남시 분당구 돌마로 43, 메디파크빌딩 1층 102호 (금곡동)"
분당구,금곡동,365그린약국,2020-12-21,경기도 성남시 분당구 금곡동 161번지 천사의도시1 오피스텔 ,"경기도 성남시 분당구 성남대로 165, 천사의도시1 오피스텔 2층 231호 (금곡동)"
분당구,금곡동,청솔약국,2022-06-30,경기도 성남시 분당구 금곡동 153번지 썬프라자 107호 ,"경기도 성남시 분당구 돌마로 79, 썬프라자 107호 (금곡동)"
분당구,금곡동,가자크린팜대학약국,2023-03-31,"경기도 성남시 분당구 금곡동 132번지 청솔마을 상가동 102,102호 ","경기도 성남시 분당구 금곡로 233, 상가동 101,102호 (금곡동, 청솔마을)"
분당구,금곡동,분당종로약국,2024-04-15,경기도 성남시 분당구 금곡동 151번지 골드프라자 ,"경기도 성남시 분당구 돌마로 87, 골드프라자 101~104호 (금곡동)"
분당구,금곡동,미금우리서울약국,2024-10-31,경기도 성남시 분당구 금곡동 154번지 미금프라자 ,"경기도 성남시 분당구 돌마로 75, 미금프라자 1층 102호 (금곡동)"
분당구,금곡동,미금프라자약국,2025-05-15,경기도 성남시 분당구 금곡동 154번지 미금프라자 ,"경기도 성남시 분당구 돌마로 75, 미금프라자 105호 (금곡동)"
중원구,금광1동,유니동물약국,2013-07-30,경기도 성남시 중원구 금광동 3125번지 ,경기도 성남시 중원구 광명로 359 (금광동)
중원구,금광1동,전승완약국,2013-08-26,경기도 성남시 중원구 금광동 1798번지 ,"경기도 성남시 중원구 광명로 372, 1층 (금광동)"
중원구,금광2동,중앙약국,2013-08-27,경기도 성남시 중원구 금광동 4835번지 ,경기도 성남시 중원구 산성대로472번길 8-1 (금광동)
중원구,금광1동,수인약국,2013-08-27,경기도 성남시 중원구 금광동 3652번지 형제빌딩 1층 ,"경기도 성남시 중원구 광명로 347, 1층 (금광동, 형제빌딩)"
중원구,금광1동,광명로약국,2013-11-06,경기도 성남시 중원구 금광동 3699번지 ,"경기도 성남시 중원구 광명로 327, 1층 (금광동)"
중원구,금광2동,명약국,2014-02-07,경기도 성남시 중원구 금광동 4363번지 ,경기도 성남시 중원구 산성대로372번길 3 (금광동)
중원구,금광2동,명약국,2016-11-14,경기도 성남시 중원구 금광동 4363번지 ,"경기도 성남시 중원구 산성대로372번길 3, 1층 (금광동)"
중원구,금광1동,메디칼 약국,2020-05-28,경기도 성남시 중원구 금광동 2854번지 ,경기도 성남시 중원구 자혜로 60 (금광동)
중원구,금광1동,전승완약국,2020-06-16,경기도 성남시 중원구 금광동 1798번지 ,"경기도 성남시 중원구 광명로 372, 1층 (금광동)"
중원구,금광2동,21세기 세계로약국,2020-10-15,경기도 성남시 중원구 금광동 11번지 ,"경기도 성남시 중원구 산성대로372번길 14, 동성빌딩 1층 (금광동)"
중원구,금광2동,마이팜약국,2021-04-21,경기도 성남시 중원구 금광동 4846번지 ,"경기도 성남시 중원구 산성대로476번길 6-1, 1층 (금광동)"
중원구,금광1동,새금빛약국,2022-07-22,경기도 성남시 중원구 금광동 1354번지 만년빌딩 1층 ,"경기도 성남시 중원구 광명로 332, 만년빌딩 1층 (금광동)"
중원구,금광1동,도 약국,2023-04-18,경기도 성남시 중원구 금광동 1017번지 104호 ,"경기도 성남시 중원구 금빛로 43, 1층 104호 (금광동)"
중원구,금광1동,솔빛약국,2023-06-19,경기도 성남시 중원구 금광동 3706번지 1호 101호 ,"경기도 성남시 중원구 광명로 319, 1층 101호 (금광동)"
중원구,금광1동,온빛약국,2024-05-27,경기도 성남시 중원구 금광동 357번지 ,"경기도 성남시 중원구 광명로 318, 1층 (금광동)"
중원구,금광1동,편안우리약국,2024-06-13,경기도 성남시 중원구 금광동 3324번지 삼복빌딩 1층 ,"경기도 성남시 중원구 자혜로 40, 삼복빌딩 (금광동)"
중원구,금광1동,새금빛약국,2025-05-30,경기도 성남시 중원구 금광동 1354번지 만년빌딩 ,"경기도 성남시 중원구 광명로 332, 만년빌딩 1층 (금광동)"
수정구,단대동,여명약국,2013-06-17,경기도 성남시 수정구 단대동 97번지 1호 ,경기도 성남시 수정구 산성대로 435 (단대동)
수정구,단대동,논골종로약국,2024-11-21,경기도 성남시 수정구 단대동 67번지 4호 성우빌딩 ,"경기도 성남시 수정구 논골로 1, 성우빌딩 1층 (단대동)"
분당구,운중동,대장푸른약국,2022-05-31,경기도 성남시 분당구 대장동 202번지 12호 105호 ,"경기도 성남시 분당구 판교대장로 84, 105호 (대장동)"
분당구,운중동,참약사 대장약국,2022-06-20,경기도 성남시 분당구 대장동 202번지 4호 ,"경기도 성남시 분당구 판교대장로6길 10, 107호 (대장동)"
분당구,운중동,해봄약국,2024-08-29,경기도 성남시 분당구 대장동 595번지 힐스테이트 판교 엘포레 A6BL ,"경기도 성남시 분당구 판교대장로7길 16, 620동 120호 (대장동, 힐스테이트 판교 엘포레 A6BL)"
분당구,백현동,시티약국,2018-12-03,경기도 성남시 분당구 백현동 537번지 ,"경기도 성남시 분당구 판교역로 152, 3층 (백현동)"
분당구,백현동,판교365약국,2019-07-18,경기도 성남시 분당구 백현동 535번지 크래프톤타워 ,"경기도 성남시 분당구 분당내곡로 117, 크래프톤타워 1층 (백현동)"
분당구,백현동,휴베이스 알파약국,2022-10-05,경기도 성남시 분당구 백현동 534번지 2층9호 ,"경기도 성남시 분당구 분당내곡로 131, 2층 9호 (백현동)"
분당구,백현동,베르데약국,2023-03-09,경기도 성남시 분당구 백현동 565번지 4호 YH빌딩 102호 ,"경기도 성남시 분당구 판교역로18번길 22, YH빌딩 1층 102호 (백현동)"
분당구,백현동,옵티마희망약국,2024-04-11,경기도 성남시 분당구 백현동 546번지 백현마을3단지 ,"경기도 성남시 분당구 동판교로 92, 201-2호 (백현동, 백현마을3단지)"
분당구,백현동,백현약국,2024-12-23,경기도 성남시 분당구 백현동 540번지 ,"경기도 성남시 분당구 판교역로 136, 1층 1102호 (백현동)"
수정구,복정동,복정동서울약국,2024-04-04,경기도 성남시 수정구 복정동 678번지 7호 수전빌딩 ,"경기도 성남시 수정구 복정로 86, 수전빌딩 104호 (복정동)"
수정구,산성동,신중앙메디칼약국,2006-03-03,경기도 성남시 수정구 산성동 1364번지 ,경기도 성남시 수정구 수정남로 297 (산성동)
수정구,산성동,보건약국,2013-08-27,경기도 성남시 수정구 산성동 2196번지 ,경기도 성남시 수정구 희망로 522 (산성동)
수정구,산성동,새강약국,2015-01-07,경기도 성남시 수정구 산성동 402번지 ,경기도 성남시 수정구 수정남로324번길 2 (산성동)
수정구,산성동,행복한약국,2020-09-25,경기도 성남시 수정구 산성동 1434번지 수정빌딩 ,"경기도 성남시 수정구 수정로 348, 수정빌딩 1층 (산성동)"
수정구,산성동,전주약국,2021-06-28,경기도 성남시 수정구 산성동 849번지 ,경기도 성남시 수정구 수정로 358 (산성동)
분당구,삼평동,판교온누리약국,2011-02-10,경기도 성남시 분당구 삼평동 708번지 에메트타운 106호 ,"경기도 성남시 분당구 판교로 375, 106호 (삼평동,에메트타운)"
분당구,삼평동,판교조은약국,2012-06-27,경기도 성남시 분당구 삼평동 651번지 럭스타워 105호 ,"경기도 성남시 분당구 대왕판교로606번길 39, 105호 (삼평동, 럭스타워)"
분당구,삼평동,판교이화자연약국,2015-01-07,경기도 성남시 분당구 삼평동 662번지 ,경기도 성남시 분당구 판교역로192번길 16 (삼평동)
분당구,삼평동,럭스온누리약국,2016-10-21,경기도 성남시 분당구 삼평동 651번지 105호 ,"경기도 성남시 분당구 대왕판교로606번길 39, 105호 (삼평동, 럭스타워)"
분당구,삼평동,봇들약국,2018-06-15,경기도 성남시 분당구 삼평동 719번지 마크시티 퍼플 ,"경기도 성남시 분당구 판교로 376, 마크시티 퍼플 5층 (삼평동)"
분당구,삼평동,웰츠약국,2020-04-10,경기도 성남시 분당구 삼평동 658번지 ,"경기도 성남시 분당구 분당내곡로 159, A동 115호 (삼평동)"
분당구,삼평동,나은약국,2021-03-29,경기도 성남시 분당구 삼평동 720번지 스타식스코아2 109호 ,"경기도 성남시 분당구 판교로 374, 스타식스코아2 109호 (삼평동)"
분당구,삼평동,판교마트약국,2021-04-20,경기도 성남시 분당구 삼평동 741번지 판교푸르지오월드마크 ,"경기도 성남시 분당구 대왕판교로606번길 58, 판교푸르지오월드마크 지하1층 약국코너호 (삼평동)"
분당구,삼평동,광장약국,2022-05-24,경기도 성남시 분당구 삼평동 682번지 유스페이스2 B동 122호 ,"경기도 성남시 분당구 대왕판교로 670, 유스페이스2 B동 122호 (삼평동)"
분당구,삼평동,봇들약국,2022-11-20,경기도 성남시 분당구 삼평동 719번지 마크시티 퍼플 504호 일부 ,"경기도 성남시 분당구 판교로 376, 마크시티 퍼플 504(일부)호 (삼평동)"
분당구,삼평동,프라임정약국,2023-03-16,경기도 성남시 분당구 삼평동 652번지 프라임스퀘어 401호 ,"경기도 성남시 분당구 대왕판교로606번길 41, 프라임스퀘어 4층 401호 (삼평동)"
분당구,삼평동,해피약국,2024-03-05,경기도 성남시 분당구 삼평동 646번지 서건타워 ,"경기도 성남시 분당구 판교역로 178, 서건타워 1층 109호 (삼평동)"
분당구,삼평동,판교태평양약국,2024-04-02,경기도 성남시 분당구 삼평동 656번지 ,"경기도 성남시 분당구 분당내곡로 151, 1층 110호 (삼평동)"
분당구,삼평동,원이약국,2024-04-18,경기도 성남시 분당구 삼평동 741번지 판교푸르지오월드마크 ,"경기도 성남시 분당구 대왕판교로606번길 58, 판교푸르지오월드마크 1층 1-89호 (삼평동)"
분당구,삼평동,혜준온누리약국,2024-05-07,경기도 성남시 분당구 삼평동 681번지 에이치스퀘어 엔동 ,"경기도 성남시 분당구 판교역로 235, 에이치스퀘어 엔동 103호 (삼평동)"
분당구,삼평동,더블유스토어 유앤아이약국,2024-06-28,경기도 성남시 분당구 삼평동 670번지 유스페이스1 ,"경기도 성남시 분당구 대왕판교로 660, 유스페이스1 1층 106호 (삼평동)"
분당구,삼평동,영플러스약국,2025-04-25,경기도 성남시 분당구 삼평동 719번지 마크시티 퍼플 ,"경기도 성남시 분당구 판교로 376, 마크시티 퍼플 106, 107호호 (삼평동)"
중원구,상대원3동,밝은온누리약국,2013-08-26,경기도 성남시 중원구 상대원동 2980번지 24호 ,경기도 성남시 중원구 금상로 6 (상대원동)
중원구,상대원1동,성남메디칼약국,2014-07-11,경기도 성남시 중원구 상대원동 4401번지 ,경기도 성남시 중원구 희망로 335 (상대원동)
중원구,상대원3동,오대문약국,2015-05-28,경기도 성남시 중원구 상대원동 2992번지 39호 ,경기도 성남시 중원구 금상로 53 (상대원동)
중원구,상대원1동,중원온누리약국,2016-10-12,경기도 성남시 중원구 상대원동 2986번지 11호 ,"경기도 성남시 중원구 희망로 336, 1층 (상대원동, 금진빌딩)"
중원구,상대원3동,밝은온누리약국,2023-01-19,경기도 성남시 중원구 상대원동 2980번지 24호 1층 ,"경기도 성남시 중원구 금상로 6, 1층 (상대원동)"
중원구,상대원3동,박약국,2023-02-03,경기도 성남시 중원구 상대원동 2980번지 7호 1층 ,"경기도 성남시 중원구 금상로 12, 1층 (상대원동)"
중원구,상대원3동,크란츠 온누리 약국,2023-03-10,경기도 성남시 중원구 상대원동 5442번지 1호 크란츠 테크노 203호 ,"경기도 성남시 중원구 둔촌대로 388, 크란츠 테크노 203호 (상대원동)"
중원구,상대원3동,늘봄약국,2023-04-06,경기도 성남시 중원구 상대원동 517번지 13호 중앙인더스피아 106호 ,"경기도 성남시 중원구 둔촌대로 449, 중앙인더스피아 1층 106호 (상대원동)"
중원구,상대원3동,기범약국,2023-06-14,경기도 성남시 중원구 상대원동 2329번지 우림빌딩 ,"경기도 성남시 중원구 금상로 60, 우림빌딩 1층 (상대원동)"
중원구,상대원1동,참약사천사약국,2024-05-08,경기도 성남시 중원구 상대원동 1977번지 대원빌딩 ,"경기도 성남시 중원구 희망로 312, 대원빌딩 1층 101호 (상대원동)"
분당구,서현1동,풍림약국,2004-06-21,경기도 성남시 분당구 서현동 255번지 1호 풍림아이원 237호 ,"경기도 성남시 분당구 서현로 170, 237호 (서현동, 풍림아이원)"
분당구,서현1동,서현종로약국,2005-01-18,경기도 성남시 분당구 서현동 245번지 4호 엘지에클리트 102호 ,"경기도 성남시 분당구 서현로 204, 102호 (서현동, 엘지에클리트)"
분당구,서현1동,분당경희 한약 약국,2012-07-18,경기도 성남시 분당구 서현동 89번지 ,"경기도 성남시 분당구 중앙공원로31번길 42, 121호 (서현동)"
분당구,서현1동,분당백화점약국,2012-11-26,경기도 성남시 분당구 서현동 247번지 5호 광림프라자 106호 ,"경기도 성남시 분당구 서현로210번길 17, 106호 (서현동, 광림프라자)"
분당구,서현1동,메디팜우정약국,2013-08-07,경기도 성남시 분당구 서현동 245번지 3호 ,경기도 성남시 분당구 서현로210번길 2 (서현동)
분당구,서현2동,분당백제약국,2013-08-26,경기도 성남시 분당구 서현동 256번지 ,경기도 성남시 분당구 서현로180번길 19 (서현동)
분당구,서현1동,하나로약국,2013-08-29,경기도 성남시 분당구 서현동 247번지 4호 112호 ,"경기도 성남시 분당구 황새울로360번길 28, 112호 (서현동)"
분당구,서현1동,분당새봄약국,2013-11-04,경기도 성남시 분당구 서현동 93번지 202-2호 ,"경기도 성남시 분당구 중앙공원로40번길 4, 202-2호 (서현동)"
분당구,서현1동,조이온누리약국,2017-11-21,경기도 성남시 분당구 서현동 251번지 3호 엘지분당에클라트 ,"경기도 성남시 분당구 서현로 184, 212호 (서현동)"
분당구,서현1동,제일온누리약국,2019-02-27,경기도 성남시 분당구 서현동 89번지 7호 삼성.한신근린상가 129-1호 ,"경기도 성남시 분당구 중앙공원로39번길 7, 삼성.한신근린상가 129-1호 (서현동)"
분당구,서현1동,대화약국,2020-09-18,경기도 성남시 분당구 서현동 90번지 올림픽스포츠센터 ,"경기도 성남시 분당구 중앙공원로 35, 올림픽스포츠센터 2층 228호 (서현동)"
분당구,서현1동,분당미래약국,2021-07-07,경기도 성남시 분당구 서현동 312번지 1호 레이디파크빌딩 107호 ,"경기도 성남시 분당구 분당로263번길 39, 레이디파크빌딩 1층 107호 (서현동)"
분당구,서현1동,분당 비타민약국,2021-12-06,경기도 성남시 분당구 서현동 312번지 2호 서현굿모닝프라자 ,"경기도 성남시 분당구 분당로263번길 35, 서현굿모닝프라자 101호 (서현동)"
분당구,서현1동,웰리드동진약국,2022-06-13,경기도 성남시 분당구 서현동 305번지 1호 효자촌동진프라자 1011호 ,"경기도 성남시 분당구 불정로 381, 효자촌동진프라자 1011호 (서현동)"
분당구,서현1동,다나약국,2023-08-10,경기도 성남시 분당구 서현동 305번지 3호 분당빌딩 ,"경기도 성남시 분당구 돌마로476번길 41, 분당빌딩 2층 (서현동)"
분당구,서현1동,분당비타민약국,2023-09-25,경기도 성남시 분당구 서현동 312번지 2호 서현굿모닝프라자 101호 ,"경기도 성남시 분당구 분당로263번길 35, 서현굿모닝프라자 101호 (서현동)"
분당구,서현1동,서현윤약국,2024-01-29,경기도 성남시 분당구 서현동 250-3 서울문고 1층 일부호 ,"경기도 성남시 분당구 황새울로342번길 9, 서울문고 1층 일부호"
분당구,서현2동,파란약국,2024-04-08,경기도 성남시 분당구 서현동 254번지 5호 서현프라자 ,"경기도 성남시 분당구 서현로180번길 13, 서현프라자 107호 (서현동)"
분당구,서현1동,키위약국,2024-04-08,경기도 성남시 분당구 서현동 250번지 4호 금호리빙스텔 ,"경기도 성남시 분당구 황새울로342번길 11, 금호리빙스텔 106,107호 (서현동)"
분당구,서현1동,청아약국,2024-06-19,경기도 성남시 분당구 서현동 249번지 2호 기영프라자 ,"경기도 성남시 분당구 황새울로342번길 23, 기영프라자 103호 (서현동)"
분당구,서현1동,서현2층약국,2024-11-06,경기도 성남시 분당구 서현동 89번지 서현파크플라자 ,"경기도 성남시 분당구 중앙공원로31번길 42, 서현파크플라자 2층 204호 (서현동)"
분당구,서현2동,서현봄약국,2024-12-26,경기도 성남시 분당구 서현동 268번지 1호 블루홀플라자 ,"경기도 성남시 분당구 분당로53번길 22, 블루홀플라자 1층 2호 (서현동)"
분당구,서현2동,다사랑약국,2025-01-13,경기도 성남시 분당구 서현동 256번지 비전월드 ,"경기도 성남시 분당구 서현로180번길 19, 비전월드 1층 101-20호 (서현동)"
분당구,서현2동,서현중앙약국,2025-03-27,경기도 성남시 분당구 서현동 268번지 2호 이랜드분당프라자 ,"경기도 성남시 분당구 분당로53번길 20, 이랜드분당프라자 1층 102호 (서현동)"
분당구,서현1동,튼튼약국,2025-05-08,경기도 성남시 분당구 서현동 88번지 서현 지엔느 ,"경기도 성남시 분당구 중앙공원로39번길 49, 서현 지엔느 106호 (서현동)"
분당구,서현2동,이화제일약국,2025-06-02,경기도 성남시 분당구 서현동 258번지 1호 서현동 아름빌딩 ,"경기도 성남시 분당구 서현로180번길 26, 서현동 아름빌딩 1층 (서현동)"
중원구,성남동,모란중앙약국,2013-07-18,경기도 성남시 중원구 성남동 4159번지 ,경기도 성남시 중원구 성남대로 1149 (성남동)
중원구,성남동,중원종로약국,2013-08-01,경기도 성남시 중원구 성남동 3790번지 ,경기도 성남시 중원구 둔촌대로 163 (성남동)
중원구,성남동,메디컬중앙약국,2013-08-26,경기도 성남시 중원구 성남동 3187번지 ,경기도 성남시 중원구 광명로 17 (성남동)
중원구,성남동,자연약국,2018-04-06,경기도 성남시 중원구 성남동 3788번지 신명빌딩 ,"경기도 성남시 중원구 제일로 37, 신명빌딩 1층 (성남동)"
중원구,성남동,모란팜약국,2019-03-05,경기도 성남시 중원구 성남동 3208번지 성남동메디칼센타 104호 ,"경기도 성남시 중원구 광명로 5, 성남동메디칼센타 1층 104호 (성남동)"
중원구,성남동,기승전 휴베이스약국,2019-08-29,경기도 성남시 중원구 성남동 3187번지 대동빌딩 ,"경기도 성남시 중원구 광명로 17, 대동빌딩 1층 (성남동)"
중원구,성남동,새모란21세기약국,2019-09-24,경기도 성남시 중원구 성남동 3492번지 소평빌딩 ,"경기도 성남시 중원구 성남대로1148번길 2, 소평빌딩 1층 101,102,103호 (성남동)"
중원구,성남동,모란온누리약국,2020-09-14,경기도 성남시 중원구 성남동 3502번지 모란역 센트럴스퀘어 ,"경기도 성남시 중원구 성남대로 1132, 모란역 센트럴스퀘어 1층 104호 (성남동)"
중원구,성남동,기승전휴베이스약국,2022-01-05,경기도 성남시 중원구 성남동 3187번지 대동빌딩 1층 ,"경기도 성남시 중원구 광명로 17, 대동빌딩 1층 (성남동)"
중원구,성남동,중원건강약국,2022-03-14,경기도 성남시 중원구 성남동 3790번지 1층 ,"경기도 성남시 중원구 둔촌대로 163, 1층 (성남동)"
중원구,성남동,정원약국,2022-09-02,경기도 성남시 중원구 성남동 4940번지 모란시티 1층106호 ,"경기도 성남시 중원구 성남대로 1115, 모란시티 1층 106호 (성남동)"
중원구,성남동,새로운약국,2023-09-12,경기도 성남시 중원구 성남동 4167번지 예치과빌딩 ,"경기도 성남시 중원구 성남대로 1141, 예치과빌딩 1층 (성남동)"
중원구,성남동,새로운약국,2017-08-24,   ,"경기도 성남시 중원구 성남대로 1141, 1층 (성남동, 둔전빌딩)"
분당구,수내2동,새계로약국,2010-04-15,경기도 성남시 분당구 수내동 13번지 3호 화동빌딩 1층 ,"경기도 성남시 분당구 수내로46번길 33 (수내동,화동빌딩 1층)"
분당구,수내1동,우주약국,2013-06-24,경기도 성남시 분당구 수내동 ,"경기도 성남시 분당구 내정로 170, 303호 (수내동, 동신파크빌딩)"
분당구,수내3동,웰빙약국,2013-08-26,경기도 성남시 분당구 수내동 22번지 3호 다운타운1층 108호 ,"경기도 성남시 분당구 백현로 97, 1층 108호 (수내동, 다운타운)"
분당구,수내1동,다정약국,2013-08-26,경기도 성남시 분당구 수내동 58번지 2호 ,"경기도 성남시 분당구 내정로 172, 1층 103호 (수내동, 상지상가)"
분당구,수내2동,온누리중앙약국,2013-08-27,경기도 성남시 분당구 수내동 83번지 1호 ,경기도 성남시 분당구 돌마로366번길 42 (수내동)
분당구,수내2동,수내푸른약국,2019-07-03,경기도 성남시 분당구 수내동 74번지 푸른마을 아파트 A동 109호 ,"경기도 성남시 분당구 돌마로366번길 40, 푸른마을 아파트 A동 109호 (수내동)"
분당구,수내1동,휴베이스봄약국,2020-12-30,경기도 성남시 분당구 수내동 58번지 2호 상지상가빌딩 ,"경기도 성남시 분당구 내정로 172, 상지상가빌딩 1층 102호 (수내동)"
분당구,수내2동,셀메드 드림약국,2021-05-20,경기도 성남시 분당구 수내동 79번지 1호 그랜드빌딩 4동 ,"경기도 성남시 분당구 돌마로356번길 3, 그랜드빌딩 4층 (수내동)"
분당구,수내3동,메디파크약국,2021-10-21,경기도 성남시 분당구 수내동 18번지 3호 미도프라자 1층 ,"경기도 성남시 분당구 백현로101번길 23, 미도프라자 1층 (수내동)"
분당구,수내2동,중앙메디컬동물약국,2021-10-21,경기도 성남시 분당구 수내동 83번지 1호 동한프라자 1층 ,"경기도 성남시 분당구 돌마로366번길 42, 동한프라자 1층 (수내동)"
분당구,수내3동,드림약국,2022-07-19,경기도 성남시 분당구 수내동 20번지 2호 초림프라자 118호 ,"경기도 성남시 분당구 백현로101번길 17, 초림프라자 1층 118호 (수내동)"
분당구,수내3동,드림약국,2022-12-09,경기도 성남시 분당구 수내동 20번지 2호 초림프라자 1층 118호 ,"경기도 성남시 분당구 백현로101번길 17, 초림프라자 1층 118호 (수내동)"
분당구,수내1동,수내365약국,2023-01-26,경기도 성남시 분당구 수내동 33번지 2호 궁전프라자-3 111호 ,"경기도 성남시 분당구 내정로173번길 49, 궁전프라자-3 111호 (수내동)"
분당구,수내1동,열린팜약국,2023-02-25,경기도 성남시 분당구 수내동 33번지 1호 크리스탈빌딩 106호 ,"경기도 성남시 분당구 내정로165번길 50, 크리스탈빌딩 106호 (수내동)"
분당구,수내3동,초림약국,2023-10-31,경기도 성남시 분당구 수내동 18번지 2호 수내프라자 ,"경기도 성남시 분당구 백현로101번길 25, 수내프라자 1층 (수내동)"
분당구,수내3동,드림약국,2023-12-19,경기도 성남시 분당구 수내동 20번지 2호 초림프라자 118호 ,"경기도 성남시 분당구 백현로101번길 17, 초림프라자 1층 118호 (수내동)"
분당구,수내2동,세계로약국,2024-03-13,경기도 성남시 분당구 수내동 13번지 3호 ,"경기도 성남시 분당구 수내로46번길 33, 1층 (수내동)"
분당구,수내2동,로데오약국,2024-08-26,경기도 성남시 분당구 수내동 7번지 8호 광진프라자 ,"경기도 성남시 분당구 황새울로258번길 36, 광진프라자 107호 (수내동)"
분당구,수내3동,선약국,2024-10-07,경기도 성남시 분당구 수내동 22번지 3호 수내동 다운타운 ,"경기도 성남시 분당구 백현로 97, 수내동 다운타운 1층 108호 (수내동)"
분당구,수내1동,돌고래약국,2024-12-27,경기도 성남시 분당구 수내동 58번지 2호 상지상가빌딩 ,"경기도 성남시 분당구 내정로 172, 상지상가빌딩 1층 103호 (수내동)"
분당구,수내1동,우주약국,2025-05-07,경기도 성남시 분당구 수내동 58번지 1호 동신파크빌딩 ,"경기도 성남시 분당구 내정로 170, 동신파크빌딩 3층 3, 3-1호 (수내동)"
분당구,수내3동,수내튼튼약국,2025-06-13,경기도 성남시 분당구 수내동 19번지 2호 그린프라자빌딩 ,"경기도 성남시 분당구 백현로101번길 20, 그린프라자빌딩 1층 102호 (수내동)"
수정구,수진1동,연세약국,2005-02-04,경기도 성남시 수정구 수진동 55번지 ,경기도 성남시 수정구 수정로 106 (수진동)
수정구,수진1동,삼부약국,2013-08-28,경기도 성남시 수정구 수진동 4567번지 10호 ,경기도 성남시 수정구 성남대로1221번길 11 (수진동)
수정구,수진1동,코끼리약국,2013-08-28,경기도 성남시 수정구 수진동 51번지 충지빌딩1층 ,"경기도 성남시 수정구 수정로 112, 1층 (수진동, 충지빌딩)"
수정구,수진1동,코끼리 약국,2015-03-09,경기도 성남시 수정구 수진동 63번지 1호 ,경기도 성남시 수정구 수정로 116 (수진동)
수정구,수진1동,서가종로온누리약국,2018-12-06,경기도 성남시 수정구 수진동 2996번지 세종빌딩 ,"경기도 성남시 수정구 수정로 68, 세종빌딩 1층 (수진동)"
수정구,수진1동,SR새힘약국,2020-07-20,경기도 성남시 수정구 수진동 56번지 SR프라자 115호 ,"경기도 성남시 수정구 수정로 106, SR프라자 1층 115호 (수진동)"
수정구,수진2동,태평정문약국,2020-10-22,경기도 성남시 수정구 수진동 2992번지 계영캐슬 ,"경기도 성남시 수정구 성남대로1226번길 10 (수진동, 계영캐슬)"
수정구,수진1동,중앙시장약국,2022-04-07,경기도 성남시 수정구 수진동 54번지 1층 ,"경기도 성남시 수정구 수정로 108, 1층 (수진동)"
수정구,수진1동,백두산약국,2022-05-02,경기도 성남시 수정구 수진동 2962번지 1층 일부호 ,"경기도 성남시 수정구 수정로 88, 1층 일부호 (수진동)"
수정구,수진1동,365수정메디약국,2023-05-09,경기도 성남시 수정구 수진동 18번지 1층 일부호 ,"경기도 성남시 수정구 수정로 128, 1층 일부호 (수진동)"
수정구,수진1동,오아시스약국,2023-11-09,경기도 성남시 수정구 수진동 4548번지 ,"경기도 성남시 수정구 성남대로1221번길 6, 1층 (수진동)"
수정구,수진2동,더편한365모란약국,2023-12-27,경기도 성남시 수정구 수진동 4626번지 남영빌딩 ,"경기도 성남시 수정구 성남대로 1169, 남영빌딩 2층 (수진동)"
수정구,수진1동,오아시스약국,2024-06-19,경기도 성남시 수정구 수진동 4548번지 ,"경기도 성남시 수정구 성남대로1221번길 6, 1층 일부호 (수진동)"
수정구,시흥동,팜스퀘어약국,2021-08-13,경기도 성남시 수정구 시흥동 296번지 3호 파미어스몰 305호 ,"경기도 성남시 수정구 창업로 18, 파미어스몰 3층 305호 (시흥동)"
수정구,신흥2동,유자약국,2013-07-24,경기도 성남시 수정구 신흥동 2465번지 7호 신동아파라디움 225호 ,"경기도 성남시 수정구 공원로 322, 2층 225호 (신흥동, 신동아파라디움)"
수정구,신흥3동,신흥종로약국,2015-07-13,경기도 성남시 수정구 신흥동 4223번지 2호 ,"경기도 성남시 수정구 산성대로 247, 1층 (신흥동)"
수정구,신흥3동,열린온누리약국,2017-06-26,경기도 성남시 수정구 신흥동 5521번지 ,"경기도 성남시 수정구 수정로 174, 1층 (신흥동, 효산빌딩)"
수정구,신흥3동,미래열린약국,2017-08-28,경기도 성남시 수정구 신흥동 4228번지 ,"경기도 성남시 수정구 산성대로 237-1, 1층 (신흥동)"
수정구,신흥2동,샤론약국,2018-08-08,경기도 성남시 수정구 신흥동 5897번지 ,경기도 성남시 수정구 탄리로52번길 13 (신흥동)
수정구,신흥3동,신흥365약국,2019-10-17,경기도 성남시 수정구 신흥동 4124번지 110호 ,"경기도 성남시 수정구 산성대로 267, 110호 (신흥동)"
수정구,신흥3동,롯데시네마약국,2020-10-30,경기도 성남시 수정구 신흥동 4124번지 ,"경기도 성남시 수정구 산성대로 267, 1층 111호 (신흥동)"
수정구,신흥3동,태평양약국,2021-01-05,경기도 성남시 수정구 신흥동 5509번지 ,"경기도 성남시 수정구 수정로 184, 1층 (신흥동)"
수정구,신흥3동,플러스약국,2021-01-29,경기도 성남시 수정구 신흥동 5533번지 ,"경기도 성남시 수정구 수정로 162, 1층 (신흥동)"
수정구,신흥2동,스마일약국,2021-07-14,경기도 성남시 수정구 신흥동 6953번지 산성역포레스티아아파트 서문상가동 304호 ,"경기도 성남시 수정구 수정로 291, 산성역포레스티아아파트 서문상가동 3층 304호 (신흥동)"
수정구,신흥3동,신흥제일약국,2021-07-26,경기도 성남시 수정구 신흥동 2478번지 삼부르네상스파크Ⅱ 110호 ,"경기도 성남시 수정구 산성대로 305, 110호 (신흥동, 삼부르네상스파크Ⅱ)"
수정구,신흥3동,태영약국,2021-10-28,경기도 성남시 수정구 신흥동 2465번지 5호 ,"경기도 성남시 수정구 산성대로 321, 신동아파라디움 상가 181~182호 (신흥동)"
수정구,신흥3동,한약국,2021-12-02,경기도 성남시 수정구 신흥동 4210번지 2호 ,경기도 성남시 수정구 산성대로 249(신흥동)
수정구,신흥2동,포레스티아 튼튼약국,2022-12-14,경기도 성남시 수정구 신흥동 6953번지 산성역포레스티아아파트 405-1호 ,"경기도 성남시 수정구 수정로 291, 산성역포레스티아아파트 405-1호 (신흥동)"
수정구,신흥2동,산성메디칼약국,2024-02-08,경기도 성남시 수정구 신흥동 6969번지 ,"경기도 성남시 수정구 희망로 551, 산성역자이푸르지오 c1블록 106호(신흥동) (신흥동)"
수정구,신흥2동,한사랑약국,2024-02-15,경기도 성남시 수정구 신흥동 6969번지 ,"경기도 성남시 수정구 희망로 551, 산성역자이푸르지오C1블록 101,102호 (신흥동)"
수정구,신흥3동,큰나무약국,2024-04-30,"경기도 성남시 수정구 신흥동 947번지 정인빌딩 지하1층, 1층일부층 ","경기도 성남시 수정구 수정로 286, 정인빌딩 (신흥동)"
수정구,신흥2동,포레이든약국,2024-07-17,경기도 성남시 수정구 신흥동 6953번지 산성역포레스티아아파트 ,"경기도 성남시 수정구 수정로 291, 산성역포레스티아아파트 서문상가동 지1층 B107호 (신흥동)"
수정구,신흥2동,신동아약국,2024-12-11,경기도 성남시 수정구 신흥동 2465번지 7호 신동아파라디움 ,"경기도 성남시 수정구 공원로 322, 2층 225(일부)호 (신흥동, 신동아파라디움)"
수정구,신흥3동,신흥36.5온누리약국,2025-02-17,경기도 성남시 수정구 신흥동 4124번지 ,"경기도 성남시 수정구 산성대로 267, 신흥역 시네마타워 1층 110호 (신흥동)"
수정구,신흥3동,열린온누리약국,2025-02-28,경기도 성남시 수정구 신흥동 5521번지 진영빌딩 ,"경기도 성남시 수정구 수정로 174, 효산빌딩 1층 101호 (신흥동)"
수정구,신흥2동,두리온누리약국,2025-04-29,경기도 성남시 수정구 신흥동 2465번지 7호 신동아파라디움 ,"경기도 성남시 수정구 공원로 322, 1층 105호 (신흥동, 신동아파라디움)"
수정구,신흥3동,우리약국,2017-07-26,   ,"경기도 성남시 수정구 수정로 273 (신흥동, 수정빌딩)"
분당구,야탑1동,메트로 약국,2004-05-11,경기도 성남시 분당구 야탑동 360번지 6호 메트로빌딩 110호 ,"경기도 성남시 분당구 성남대로 926, 110호 (야탑동, 메트로빌딩 )"
분당구,야탑1동,그린탑약국,2013-05-28,경기도 성남시 분당구 야탑동 360번지 4호 궁전프라자 102호 ,"경기도 성남시 분당구 성남대로 934, 102호 (야탑동, 궁전프라자)"
분당구,야탑3동,사랑메디칼약국,2013-07-18,경기도 성남시 분당구 야탑동 219번지 1호 ,"경기도 성남시 분당구 장미로 198 (야탑동, 아델파크빌 B106-1, 2)"
분당구,야탑3동,한약국,2013-08-12,경기도 성남시 분당구 야탑동 151번지 분당테크노파크상가동 110호 ,"경기도 성남시 분당구 판교로 700, 110호 (야탑동, 분당테크노파크상가동)"
분당구,야탑1동,탑마을약국,2013-08-29,경기도 성남시 분당구 야탑동 367번지 5호 노블리치상가 A동 108호 ,"경기도 성남시 분당구 성남대로916번길 20, A동 108호 (야탑동, 노블리치상가)"
분당구,야탑1동,옵티마나무약국,2018-08-07,경기도 성남시 분당구 야탑동 361번지 3호 금탑프라자 109호 ,"경기도 성남시 분당구 성남대로926번길 12, 금탑프라자 109호 (야탑동)"
분당구,야탑2동,분당시민의약국,2018-08-23,경기도 성남시 분당구 야탑동 354번지 5호 대우빌딩 ,"경기도 성남시 분당구 야탑로65번길 6, 대우빌딩 1층 B10호 (야탑동)"
분당구,야탑2동,탑마을오렌지약국,2019-01-10,경기도 성남시 분당구 야탑동 353번지 1호 영진다이비스상가 ,"경기도 성남시 분당구 야탑로69번길 21, 영진다이비스상가 109,110,111호 (야탑동)"
분당구,야탑2동,정약국,2020-01-07,경기도 성남시 분당구 야탑동 174번지 6호 부건프라자 ,"경기도 성남시 분당구 야탑로 243, 부건프라자 102호 (야탑동)"
분당구,야탑1동,분당햇살약국,2020-09-24,경기도 성남시 분당구 야탑동 367번지 1호 분당BYC빌딩 ,"경기도 성남시 분당구 성남대로 912, 분당BYC빌딩 (야탑동)"
분당구,야탑2동,홈케어굿모닝약국,2020-12-30,경기도 성남시 분당구 야탑동 354번지 6호 강남프라자 ,"경기도 성남시 분당구 야탑로69번길 3, 강남프라자 101~105호일부, 204호 (야탑동)"
분당구,야탑3동,야탑그린약국,2021-02-25,경기도 성남시 분당구 야탑동 358번지 3호 분당아미고타워 ,"경기도 성남시 분당구 야탑로81번길 10, 분당아미고타워 307-1호 (야탑동)"
분당구,야탑2동,함께하는약국,2021-07-05,경기도 성남시 분당구 야탑동 502번지 야탑시장 ,"경기도 성남시 분당구 야탑로 64, 1층 (야탑동)"
분당구,야탑3동,선화약국,2021-07-05,경기도 성남시 분당구 야탑동 532번지 6호 정우스토아 ,"경기도 성남시 분당구 판교로 477, 정우스토아 102호 (야탑동)"
분당구,야탑2동,하루약국,2021-10-13,경기도 성남시 분당구 야탑동 355번지 4호 한주코아 104호 ,"경기도 성남시 분당구 야탑로69번길 8, 한주코아 104호 (야탑동)"
분당구,야탑3동,장미마을현대온누리약국,2022-10-23,경기도 성남시 분당구 야탑동 334번지 장미마을 현대A8차상사 1102호 ,"경기도 성남시 분당구 장미로 101, 1102호 (야탑동, 장미마을)"
분당구,야탑1동,메트로약국,2022-11-04,경기도 성남시 분당구 야탑동 360번지 6호 분당메트로 1층 ,"경기도 성남시 분당구 성남대로 926, 분당메트로 1층 (야탑동)"
분당구,야탑2동,분당세계로 약국,2022-11-08,경기도 성남시 분당구 야탑동 355번지 3호 금호프라자 1층 101호 ,"경기도 성남시 분당구 야탑로75번길 9, 금호프라자 1층 101호 (야탑동)"
분당구,야탑3동,야탑스마일약국,2023-02-09,경기도 성남시 분당구 야탑동 358번지 3호 분당아미고타워 305-1호 ,"경기도 성남시 분당구 야탑로81번길 10, 분당아미고타워 305-1호 (야탑동)"
분당구,야탑2동,새로운약국,2023-12-15,경기도 성남시 분당구 야탑동 355번지 6호 ,"경기도 성남시 분당구 야탑로69번길 2, 1층 (야탑동)"
수정구,양지동,푸른약국,2016-01-19,경기도 성남시 수정구 양지동 535번지 ,"경기도 성남시 수정구 산성대로 517 (양지동, 양지주차장)"
수정구,양지동,푸른약국,2016-01-25,경기도 성남시 수정구 양지동 534번지 ,"경기도 성남시 수정구 산성대로 517 (양지동, 양지주차장)"
수정구,양지동,다나온누리약국,2022-11-25,경기도 성남시 수정구 양지동 230번지 1층 ,"경기도 성남시 수정구 산성대로 531, 1층 (양지동)"
중원구,도촌동,샤인약국,2024-06-18,경기도 성남시 중원구 여수동 189번지 시티오피스타워 ,"경기도 성남시 중원구 양현로 411, 시티오피스타워 101호 (여수동)"
분당구,운중동,옵티마우리들약국,2013-08-26,경기도 성남시 분당구 운중동 941번지 메트로골드 107호 ,"경기도 성남시 분당구 운중로 140, 107호 (운중동, 메트로골드)"
분당구,운중동,이오약국,2020-10-07,경기도 성남시 분당구 운중동 948번지 스타타워 ,"경기도 성남시 분당구 운중로 118, 스타타워 4층 403호 (운중동)"
분당구,운중동,소망약국,2021-09-06,경기도 성남시 분당구 운중동 964번지 스타식스 메트로 108호 ,"경기도 성남시 분당구 운중로 131, 스타식스 메트로 108호 (운중동)"
분당구,운중동,바로약국,2022-04-26,경기도 성남시 분당구 운중동 940번지 판교메디칼타워 106호 ,"경기도 성남시 분당구 운중로 142, 판교메디칼타워 1층 106호 (운중동)"
중원구,은행2동,신신약국,2013-08-29,경기도 성남시 중원구 은행동 1634번지 ,경기도 성남시 중원구 산성대로 496 (은행동)
중원구,은행2동,하나로약국,2013-08-29,"경기도 성남시 중원구 은행동 1553번지 은행시장 1층 다동 2, 3호 ","경기도 성남시 중원구 산성대로 526, 다동 1층 2,3호 (은행동, 은행시장 )"
중원구,은행2동,삼보약국,2016-03-11,경기도 성남시 중원구 은행동 1560번지 ,경기도 성남시 중원구 산성대로 522 (은행동)
중원구,은행1동,조약국,2020-01-08,경기도 성남시 중원구 은행동 1433번지 2호 ,경기도 성남시 중원구 은이로 24 (은행동)
중원구,은행2동,월드옵티마약국,2021-01-06,경기도 성남시 중원구 은행동 628번지 ,"경기도 성남시 중원구 순환로465번길 27, 1층 (은행동)"
중원구,은행2동,태평양약국,2021-01-25,경기도 성남시 중원구 은행동 984번지 ,"경기도 성남시 중원구 산성대로 530, 1층 (은행동)"
분당구,이매2동,솔잎약국,2016-09-28,경기도 성남시 분당구 이매동 120번지 6호 106호 ,"경기도 성남시 분당구 양현로94번길 19, 106호 (이매동, 새남서울조합상가)"
분당구,이매1동,나눔약국,2024-07-09,경기도 성남시 분당구 이매동 131번지 1호 제일프라자 ,"경기도 성남시 분당구 판교로 432, 제일프라자 11호 (이매동)"
분당구,정자동,바른약국,2004-04-13,경기도 성남시 분당구 정자동 111번지 한솔마을 상가 104호 ,"경기도 성남시 분당구 정자로 143, 104호 (정자동,한솔마을 상가)"
분당구,정자동,천지온누리 약국,2005-03-28,경기도 성남시 분당구 정자동 54번지 1호 정자프라자 1층 ,"경기도 성남시 분당구 내정로113번길 4 (정자동, 정자프라자 1층)"
분당구,정자2동,금곡프라자 약국,2006-01-20,경기도 성남시 분당구 정자동 127번지 1호 금곡프라자 102호 ,"경기도 성남시 분당구 내정로 29, 102호 (정자동, 금곡프라자)"
분당구,정자동,조은약국,2013-08-26,경기도 성남시 분당구 정자동 15번지 7호 하나프라자빌딩 106호 ,"경기도 성남시 분당구 느티로 27, 106호 (정자동, 하나프라자빌딩 )"
분당구,정자동,분당수약국,2013-08-28,경기도 성남시 분당구 정자동 155번지 2호 월드비터 108호 ,"경기도 성남시 분당구 정자로 13, 108호 (정자동, 월드비터)"
분당구,정자동,십자약국,2014-02-19,경기도 성남시 분당구 정자동 59번지 7호 ,경기도 성남시 분당구 느티로87번길 13 (정자동)
분당구,정자동,늘푸른약국,2014-09-29,경기도 성남시 분당구 정자동 156번지 3호 ,"경기도 성남시 분당구 성남대로331번길 3-13, 308호 (정자동, 대명제스트빌딩)"
분당구,정자1동,월드약국,2016-06-01,경기도 성남시 분당구 정자동 8번지 3호 ,"경기도 성남시 분당구 정자일로 240 (정자동, 월드프라자)"
분당구,정자동,진영약국,2019-10-22,경기도 성남시 분당구 정자동 128번지 금산프라자 118호 ,"경기도 성남시 분당구 내정로17번길 4-11, 금산프라자 1층 118호 (정자동)"
분당구,정자2동,분당약국,2019-12-02,경기도 성남시 분당구 정자동 219번지 3호 리더스프라자 107호 ,"경기도 성남시 분당구 불곡로 4, 리더스프라자 107호 (정자동)"
분당구,정자1동,스타파크약국,2020-11-18,경기도 성남시 분당구 정자동 174번지 1호 더샵스타파크 ,"경기도 성남시 분당구 정자일로 121, A-15호 (정자동, 더샵스타파크)"
분당구,정자동,꽃피는온누리약국,2020-11-30,경기도 성남시 분당구 정자동 156번지 3호 대명제스트빌딩 ,"경기도 성남시 분당구 성남대로331번길 3-13, 대명제스트빌딩 308일부호 (정자동)"
분당구,정자동,분당그린약국,2020-12-15,경기도 성남시 분당구 정자동 180번지 미켈란쉐르빌 ,"경기도 성남시 분당구 정자일로 100, 상가동 1층 106호 (정자동, 미켈란쉐르빌)"
분당구,정자동,J정약국,2022-01-05,경기도 성남시 분당구 정자동 17번지 1호 젤존타워1 102호 ,"경기도 성남시 분당구 느티로 16, 젤존타워1 102호 (정자동)"
분당구,정자동,가까운대학 약국,2022-08-04,"경기도 성남시 분당구 정자동 215번지 더샵 분당파크리버 201동 B104,104,105,106호 ","경기도 성남시 분당구 돌마로 169, 더샵 분당파크리버 201동 201동 B104,104,105,106호 (정자동)"
분당구,정자동,세기약국,2022-11-21,"경기도 성남시 분당구 정자동 157번지 1호 ,157-14   정자스타빌딩 106호 ","경기도 성남시 분당구 성남대로331번길 7, 정자스타빌딩 106호 (정자동)"
분당구,정자동,정자역약국,2023-07-23,경기도 성남시 분당구 정자동 156번지 1호 젤존타워III 111호 ,"경기도 성남시 분당구 성남대로331번길 3-3, 젤존타워III 1층 111호 (정자동)"
분당구,정자동,열린약국,2023-08-04,경기도 성남시 분당구 정자동 117번지 4호 새소망전인교육센타 301호 ,"경기도 성남시 분당구 정자로 105, 새소망전인교육센타 301호 (정자동)"
분당구,정자2동,아리랑약국,2023-09-14,경기도 성남시 분당구 정자동 117번지 1호 스포라이프 스포츠센타 108호 ,"경기도 성남시 분당구 내정로 58, 스포라이프 스포츠센타 108호 (정자동)"
분당구,정자1동,아프지마오약국,2023-11-30,경기도 성남시 분당구 정자동 211번지 이마트 ,"경기도 성남시 분당구 불정로 134, 이마트 1층 (정자동)"
분당구,정자1동,파크약국,2024-04-08,경기도 성남시 분당구 정자동 12번지 1호 백궁지엔느주차전용빌딩 ,"경기도 성남시 분당구 정자일로 227, 백궁지엔느주차전용빌딩 108호 (정자동)"
분당구,정자1동,양지온누리약국,2024-07-09,경기도 성남시 분당구 정자동 12번지 1호 백궁지엔느주차전용빌딩 ,"경기도 성남시 분당구 정자일로 227, 백궁지엔느주차전용빌딩 107호 (정자동)"
분당구,정자1동,더플러스약국,2024-10-08,경기도 성남시 분당구 정자동 4번지 5호 ,"경기도 성남시 분당구 분당수서로 477, 4층 일부호 (정자동)"
분당구,정자동,정자우리들,2024-10-30,경기도 성남시 분당구 정자동 156번지 1호 젤존타워III ,"경기도 성남시 분당구 성남대로331번길 3-3, 젤존타워III 1층 116호 (정자동)"
분당구,정자동,분당스마일약국,2024-10-31,경기도 성남시 분당구 정자동 156번지 2호 백궁프라자3 ,"경기도 성남시 분당구 성남대로331번길 3-9, 백궁프라자3 1층 107호 (정자동)"
분당구,정자동,정자약국,2025-03-24,경기도 성남시 분당구 정자동 15번지 7호 하나플라자빌딩 ,"경기도 성남시 분당구 느티로 27, 하나플라자빌딩 104호 (정자동)"
분당구,정자1동,정자365약국,2025-03-27,경기도 성남시 분당구 정자동 15번지 1호 폴라리스빌딩2 ,"경기도 성남시 분당구 성남대로 389, 폴라리스빌딩2 1층 102호 (정자동)"
중원구,중앙동,종로약국,2004-09-03,경기도 성남시 중원구 중앙동 1370번지 ,경기도 성남시 중원구 시민로 116 (중앙동)
중원구,중앙동,밝은약국,2013-08-26,경기도 성남시 중원구 중앙동 140번지 ,경기도 성남시 중원구 산성대로 348-1 (중앙동)
중원구,중앙동,이화약국,2013-08-29,경기도 성남시 중원구 중앙동 73번지 태성빌딩 ,"경기도 성남시 중원구 산성대로 354, 1층 (중앙동, 태성빌딩)"
중원구,중앙동,퍼스트케어약국,2022-09-29,경기도 성남시 중원구 중앙동 231번지 1층 101호 ,"경기도 성남시 중원구 산성대로 338-2, 1층 101호 (중앙동)"
중원구,중앙동,하늘빛약국,2023-09-08,경기도 성남시 중원구 중앙동 3001번지 신흥역하늘채랜더스원아파트 상가동 106호 ,"경기도 성남시 중원구 광명로 176, 상가동 1층 106호 (중앙동, 신흥역하늘채랜더스원아파트)"
중원구,중앙동,스타약국,2024-07-05,경기도 성남시 중원구 중앙동 83번지 ,"경기도 성남시 중원구 산성대로 352, 1층 (중앙동)"
수정구,위례동,나무약국,2004-03-26,경기도 성남시 수정구 창곡동 513번지 7호 ,"경기도 성남시 수정구 위례동로 135-6, 101호 (창곡동, 이너매스위례)"
수정구,위례동,위례중앙약국,2017-05-11,경기도 성남시 수정구 창곡동 509번지 2호 ,"경기도 성남시 수정구 위례광장로 310, A동 104호 (창곡동, 우성트램타워)"
수정구,위례동,천사온누리약국,2017-06-20,경기도 성남시 수정구 창곡동 513번지 3호 ,"경기도 성남시 수정구 위례동로 141, 106호 (창곡동, 우성메디피아)"
수정구,위례동,위례수동물약국,2017-12-18,경기도 성남시 수정구 창곡동 559번지 4호 ,"경기도 성남시 수정구 위례서일로 18, 더존메디컬타워 1층 (창곡동)"
수정구,위례동,위례퍼스트약국,2018-09-05,경기도 성남시 수정구 창곡동 508번지 아이플렉스 118호 ,"경기도 성남시 수정구 위례광장로 322, 아이플렉스 118호 (창곡동)"
수정구,위례동,위례광장약국,2018-09-14,경기도 성남시 수정구 창곡동 0번지 위례우남역 퍼스트푸르지오시티 112호 ,"경기도 성남시 수정구 위례광장로 9-9, 위례우남역 퍼스트푸르지오시티 112호 (창곡동)"
수정구,위례동,위례조은약국,2019-07-18,경기도 성남시 수정구 창곡동 562번지 아이페리온 115호 ,"경기도 성남시 수정구 위례광장로 19, 아이페리온 115호 (창곡동)"
수정구,위례동,위례진약국,2019-10-23,경기도 성남시 수정구 창곡동 508번지 아이플렉스 119호 ,"경기도 성남시 수정구 위례광장로 322, 아이플렉스 1층 119호 (창곡동)"
수정구,위례동,위례미소약국,2020-09-04,경기도 성남시 수정구 창곡동 509번지 위례중앙역 중앙타워 ,"경기도 성남시 수정구 위례광장로 300, 위례중앙역 중앙타워 B40호 (창곡동)"
수정구,위례동,서일약국,2021-02-04,경기도 성남시 수정구 창곡동 559번지 5호 이너매스우남 ,"경기도 성남시 수정구 위례서일로 22, 이너매스우남 1층 116호 (창곡동)"
수정구,위례동,위례중앙약국,2022-04-15,경기도 성남시 수정구 창곡동 509번지 1호 우성트램타워 A동 104호 ,"경기도 성남시 수정구 위례광장로 310, 우성트램타워 A동 104호 (창곡동)"
수정구,위례동,바른약국,2022-08-08,경기도 성남시 수정구 창곡동 509번지 창곡동 509번지 722호 ,"경기도 성남시 수정구 위례광장로 300, 창곡동 509번지 722호 (창곡동)"
수정구,위례동,365열린큰약국,2022-08-25,"경기도 성남시 수정구 창곡동 505번지 위례 한화 오벨리스크 센트럴스퀘어 1049,1050,1051호 ","경기도 성남시 수정구 위례광장로 104, 위례 한화 오벨리스크 센트럴스퀘어 1049,1050,1051호 (창곡동)"
수정구,위례동,연세으뜸약국,2023-12-08,경기도 성남시 수정구 창곡동 547번지 2호 으뜸프라자 103호 ,"경기도 성남시 수정구 위례광장로 27, 으뜸프라자 103호 (창곡동)"
수정구,위례동,달달약국,2024-01-26,경기도 성남시 수정구 창곡동 513번지 1호 위례건아타워1층 110호 ,"경기도 성남시 수정구 위례동로 147, 위례건아타워 (창곡동)"
수정구,위례동,위례일번약국,2024-03-05,경기도 성남시 수정구 창곡동 559번지 10호 위례엘포트한라비발디 ,"경기도 성남시 수정구 위례서일로 46, 위례엘포트한라비발디 107,109호 (창곡동)"
수정구,위례동,위례진약국,2024-04-24,경기도 성남시 수정구 창곡동 508번지 아이플렉스 ,"경기도 성남시 수정구 위례광장로 322, 아이플렉스 1층 119호 (창곡동)"
수정구,위례동,봄봄약국,2025-02-20,경기도 성남시 수정구 창곡동 560번지 남위례역아이파크 ,"경기도 성남시 수정구 위례광장로 5, 남위례역아이파크 111호 (창곡동)"
수정구,위례동,위례우리들약국,2025-04-09,경기도 성남시 수정구 창곡동 509번지 창곡동 509번지 ,"경기도 성남시 수정구 위례광장로 300, 창곡동 509번지 808호 (창곡동)"
수정구,태평2동,비타약국,2004-03-26,경기도 성남시 수정구 태평동 2107번지 ,경기도 성남시 수정구 남문로 143 (태평동)
수정구,태평2동,우리약국,2004-06-21,경기도 성남시 수정구 태평동 3425번지 2호 ,경기도 성남시 수정구 수정로 161 (태평동)
수정구,태평2동,명성약국,2013-08-26,경기도 성남시 수정구 태평동 7338번지 선운빌딩1층 ,"경기도 성남시 수정구 수정로 205 (태평동, 선운빌딩1층)"
수정구,태평3동,태평로온누리약국,2013-08-29,경기도 성남시 수정구 태평동 6417번지 105호 ,"경기도 성남시 수정구 수정북로13번길 2, 105호 (태평동)"
수정구,태평1동,기쁨약국,2019-11-12,경기도 성남시 수정구 태평동 6511번지 대명빌딩 ,"경기도 성남시 수정구 수정로 69, 대명빌딩 1층 (태평동)"
수정구,태평3동,가고싶은 후문약국,2019-12-31,경기도 성남시 수정구 태평동 3307번지 152호 ,"경기도 성남시 수정구 시민로205번길 32, 1층 (태평동)"
수정구,태평3동,성남다사랑약국,2020-01-03,경기도 성남시 수정구 태평동 3406번지 우일프라자 ,"경기도 성남시 수정구 수정로171번길 7-1, 우일프라자 1층 (태평동)"
수정구,태평1동,청년약국,2020-01-10,경기도 성남시 수정구 태평동 5113번지 7호 ,"경기도 성남시 수정구 성남대로 1330, 1층 4호 (태평동)"
수정구,태평3동,가까운 태평양약국,2020-01-15,경기도 성남시 수정구 태평동 7288번지 3호 ,경기도 성남시 수정구 수정로171번길 8 (태평동)
수정구,태평2동,성남온누리약국,2020-02-19,경기도 성남시 수정구 태평동 3679번지 1호 만홍빌딩 ,"경기도 성남시 수정구 수정로 115, 만홍빌딩 102호 (태평동)"
수정구,태평2동,성남참조은약국,2020-05-12,경기도 성남시 수정구 태평동 7288번지 6호 동일빌딩 ,"경기도 성남시 수정구 수정로 175, 동일빌딩 1층 (태평동)"
수정구,태평3동,대학온누리약국,2020-08-10,경기도 성남시 수정구 태평동 3307번지 155호 ,"경기도 성남시 수정구 시민로205번길 28, 1층 (태평동)"
수정구,태평3동,메디칼왕약국,2020-09-01,경기도 성남시 수정구 태평동 6417번지 ,"경기도 성남시 수정구 수정북로13번길 2, 1층 (태평동)"
수정구,태평2동,성남사랑약국,2020-12-10,경기도 성남시 수정구 태평동 7336번지 신세계쉐덴 ,"경기도 성남시 수정구 수정로 201 (태평동, 신세계쉐덴)"
수정구,태평4동,태평종로약국,2020-12-24,경기도 성남시 수정구 태평동 3174번지 ,경기도 성남시 수정구 탄리로 120 (태평동)
수정구,태평3동,시민약국,2021-05-03,경기도 성남시 수정구 태평동 3405번지 ,"경기도 성남시 수정구 수정로171번길 11, 1층 (태평동)"
수정구,태평1동,청년약국,2021-09-03,경기도 성남시 수정구 태평동 5113번지 7호 일성 오퍼스원 104호 ,"경기도 성남시 수정구 성남대로 1330, 일성 오퍼스원 1층 104호 (태평동)"
수정구,태평3동,광장약국,2022-10-24,경기도 성남시 수정구 태평동 3365번지 1호 삼경빌딩  1층 ,"경기도 성남시 수정구 수정로171번길 15, 삼경빌딩 1층 (태평동)"
수정구,태평2동,보령온누리약국,2023-03-22,경기도 성남시 수정구 태평동 3798번지 1층 ,"경기도 성남시 수정구 남문로 66, 1층 (태평동)"
수정구,태평3동,성남햇살약국,2023-06-26,경기도 성남시 수정구 태평동 3406번지 우일프라자 2층 일부호 ,"경기도 성남시 수정구 수정로171번길 7-1, 우일프라자 2층 일부호 (태평동)"
수정구,태평3동,태평보룡약국,2023-12-08,경기도 성남시 수정구 태평동 3386번지 동남빌딩 ,"경기도 성남시 수정구 수정로171번길 11-1, 동남빌딩 1층 (태평동)"
수정구,태평2동,샛별약국,2024-10-31,경기도 성남시 수정구 태평동 7336번지 신세계쉐덴 ,"경기도 성남시 수정구 수정로 201, 1층 일부호 (태평동, 신세계쉐덴)"
수정구,태평2동,행복이열리는약국,2024-10-31,경기도 성남시 수정구 태평동 6452번지 더미즈병원 ,"경기도 성남시 수정구 수정로 89, 더미즈병원 1층 (태평동)"
수정구,태평4동,오거리약국,2024-11-05,경기도 성남시 수정구 태평동 3180번지 ,"경기도 성남시 수정구 탄리로 116, 1층 (태평동)"
분당구,판교동,판교수빈약국,2013-11-07,경기도 성남시 분당구 판교동 ,"경기도 성남시 분당구 운중로 235, 103호 (판교동, 나래메디플러스)"
분당구,판교동,판교기린약국,2014-05-20,경기도 성남시 분당구 판교동 625번지 ,"경기도 성남시 분당구 운중로 242, 107호 (판교동)"
분당구,판교동,판교한솔약국,2018-04-05,경기도 성남시 분당구 판교동 621번지 2호 한솔프라자 103호 ,"경기도 성남시 분당구 운중로 233, 한솔프라자 103호 (판교동)"
분당구,판교동,그린약국,2020-02-05,경기도 성남시 분당구 판교동 593번지 ,"경기도 성남시 분당구 운중로 249, 105호 (판교동)"
분당구,판교동,판교원약국,2020-09-04,경기도 성남시 분당구 판교동 634번지 판교원마을5단지아파트 ,"경기도 성남시 분당구 판교원로 207, 상가동 1층 104호 (판교동, 판교원마을5단지아파트)"
분당구,판교동,휴베이스드림약국,2024-11-07,경기도 성남시 분당구 판교동 621번지 3호 나래메디플러스 ,"경기도 성남시 분당구 운중로 235, 나래메디플러스 103호 (판교동)"
분당구,판교동,꿈꾸는약국,2025-04-04,경기도 성남시 분당구 판교동 577번지 3호 ,"경기도 성남시 분당구 서판교로 36, 1층 (판교동)"
중원구,하대원동,벧엘온누리약국,2020-08-21,경기도 성남시 중원구 하대원동 131번지 18호 ,"경기도 성남시 중원구 둔촌대로 277, 1층 (하대원동)"
중원구,하대원동,벧엘온누리약국,2022-06-21,경기도 성남시 중원구 하대원동 131번지 18호 1층 ,"경기도 성남시 중원구 둔촌대로 277, 1층 (하대원동)"
중원구,하대원동,필리아약국,2022-08-31,경기도 성남시 중원구 하대원동 132번지 13호 ,경기도 성남시 중원구 둔촌대로 283(하대원동)
중원구,하대원동,한빛약국,2022-10-14,경기도 성남시 중원구 하대원동 143번지 1호 태연스카이빌 1층124호 ,"경기도 성남시 중원구 둔촌대로 274, 1층 124호 (하대원동, 태연스카이빌)"
중원구,하대원동,밷엘참조은약국,2024-09-20,경기도 성남시 중원구 하대원동 131번지 18호 ,"경기도 성남시 중원구 둔촌대로 277, 1층 (하대원동)"
분당구,분당동,삼보당약국,2013-08-29,경기도 성남시 분당구 분당동 66번지 건영아파트11차종합상가 101호 ,"경기도 성남시 분당구 분당로263번길 24, 101호 (분당동, 건영아파트11차 종합상가)"
분당구,분당동,분당우리약국,2020-11-24,경기도 성남시 분당구 분당동 90번지 6호 SNH타워 ,"경기도 성남시 분당구 장안로 27, SNH타워 1층 101호 (분당동)"
수정구,시흥동,판교파미어스약국,2022-11-01,경기도 성남시 수정구 시흥동 296번지 3호 305호 ,"경기도 성남시 수정구 창업로 18, 3층 305호 (시흥동)"
수정구,시흥동,판교파미어스 약국,2022-11-20,경기도 성남시 수정구 시흥동 296번지 3호 파미어스몰 3층 305호 ,"경기도 성남시 수정구 창업로 18, 파미어스몰 3층 305호 (시흥동)"
